Title,Company,Location,Salary,Link
Full Stack (ASP) Dot Net Developer- Remote,New Wave Media,Remote,"$500 - $1,000 a week",https://www.indeed.com/pagead/clk?mo=r&ad=-6NYlbfkN0APU0msbvLma20Vid-RFJDvRDSrAKCaIs9F41pK2ASyKwb0yhPWrZYkdux4rwjqPlJ0ZByRnTsIEA4EDmDilRBKB6EE198LNndzA6iWKYfOaWjEdv27wT8__dX76VZP8CmjA86Ds9AxWMuDaw7ZitfyiJz0xzK4KLFsHrSdnkmCNBVs7lTyyspxyheiHtewQk_CSN9ZEUHUVfJkIBsyF5_VrR5q1eNw-eR53fwaONNRF6IH4Xu_7YWrkS6UoWXVOcvUr6gKq4EIUksAYWPJh3IFq_xrHYSpuXMUaadHvo9KJNZbFExKKrGiqNuMvB_4dNKU08iRsG-VDgxnApgK7ARf0kTd3QYEsu-d-oFgCW4okpDYLKR3qX23YuUTnqtGqVrWnzkgfhi7MrEX4-ihEKMRRuvEE-9j19_EoaVessRYgVceAQ9oIozXpRMSHPGJaAD_D6J4_Xkwmh1z9vn8cBXvBNE1nq9dXoGMUgeRf5BLu-fGSldOML4OO8gHCdQnbADmCEcdlpcceomHT9sUxiHIUZcA7COsVtYs_O0usCtisMysagWijg1c2NodDBZF7x30ysaW5nAAPIHAw6vUtNKLENj2xSC_dTCq8Pzwn7n-qQ==&xkcb=SoCV-_M3JoRAzETepB0KbzkdCdPP&p=0&fvj=1&vjs=3
Senior Full Stack Developer,VeriCour,Remote,"$110,000 - $130,000 a year",https://www.indeed.com/pagead/clk?mo=r&ad=-6NYlbfkN0BFJYRLp5hzzLtKF1Wy0RfU8iM2OE1a8wbCkEnQiuC1KQg_EK1QpWux7HeZOtxsUI9iCSeTTf7mjsrC7g_ASyabeXP5rzQg4iXQFk3aRE6SI0HLUDe8Rtd64sOhPJ46-TTA_jDmBfR3QjEIqWx_bt0eUBTIeI_lrmcRu6Ewojh-xaLdHjjfJ-4THgiNIRfKj53-Lg1MhWmEbrE92QvccDdc4Gio3FPVAaaG76OrO8l8eNxvgDDVYVWE74EPr2H4Cl3ACb2CBMtsv7mK8VcfwcevsOLLMi-Ier58Yuvw_kNKf2SBfrACNKswmPoZ_iY6GpqxnGk8JJwLmK5ntk65q5dWJe7HccKOMS4CUU96SqpONDij5WjKiZQ5Zgs1_Xm9YaE-Mc1myYLYTAMsDY-v965KphuJhKXGiSG2OWdAyTfFwrNefD999QOUHCl5A2jdmbkrW-ZHnRZnjX3-Wmk5tKXoZZ44tUyUrPdGQBKhfRoZONP2fnDPX_q-Dci2pl9_O92u_0llJZyJNMPUn8qqVwm8pR6ufVcJ_elejYS40KZyOzWDTfOKxH1HTIq2LfXb9PwaCPm9C4bypE25TQOSkrMJJ0RpKixHh1N0DJAWeP8oeZOzGIYJt8b_en1hG-Bucdo=&xkcb=SoAI-_M3JoRAzETepB0JbzkdCdPP&p=1&fvj=1&vjs=3
Lead Software Engineer - Full Stack,"Clinician Nexus, Inc",Remote in Arizona,"$110,000 - $184,000 a year",https://www.indeed.com/pagead/clk?mo=r&ad=-6NYlbfkN0AQOO2nGXEzdXRlKe3mX09Q2JQr4aVzoa68DlPqi-1T2wu3km_1a1vExieNNY0E0bX3l9GQ9DBBuBN4oOAO2B_rGSBDKFCY9trTXvDgbPFWMEdqdJvLx9SbykdMj_zsX7CD1U2j7W9zmxwlnbzlaQeP-UWCac_Ls8yUwh9hgiHxjrIEepWT1cZ_xL94olRSSEsuKtYzfYRI0RW0v6vAJzi45WA30DAIhkAG17p-lDx03y_g5HGqfwaxFKhH2AIY5gzoHzVIe0dGoda2_YMr03o38w6dl157arHOozqAGd3P73-CSvdLcW1Gq_xCbM3iCcLusQw2uH_jZZILPgRqCPbr51bZjuaCg8tIbhoMhfvs5vYxDXMMLKBWLMjN0INGoP-twyvqWZ1SR1oJZlx98cT3PV07xgZzXcfpc2eyxNg71Y3AUSyJGIsO_2OMacDVvCO11oynXwLE4rl6grg3h2rz76nsTlnexgYD6KvNixgCGDZOb6RBEaJb5OSl5riuPcRzktV_bjkPah5WaW806Ku6TT4NeOcWRewmdKUiXz0ckfuftW5y4k11hNWnFjvfjD1pl510upEt5-Vb-QDfAXrbFLrEiRXIZYtGZre4AWejWROiVrSqSpqJpEI2_PDFACu3a2yWURXdKJjR6yuacH8u69VqZq4oOigC6zVnTsTSYmuk7IljSIqTHAf-N42ZdDkHgSQF7EfAgJUSQdTlxsEdBgURZ-m3GO4OpEPR8buVv3rWckvgquqQcVXq9e65Lb54349KQnTDMsfB8O9fjRcJNavPlZI9xLBlOLBoJAKTUPot8IhJ0YAzhupbmzjry-nRC6nrqezTkMIZQYpISZxjvtKpWakaSFCtpgrwRgVRr-ZOr4Ltyf0Arrp0F_AiyKT706UjVNbow8YkYMYQS_P1HHO4wgJ-Kb5ST9kMgk1Gaw==&xkcb=SoC8-_M3JoRAzETepB0IbzkdCdPP&p=2&fvj=0&vjs=3
Full Stack Developer - Mid-Level,WeLibrary / Learning Economy Studios,Remote,"$87,000 - $93,000 a year",https://www.indeed.com/pagead/clk?mo=r&ad=-6NYlbfkN0A7Fn51UxZyeyfewmqlHHZNkBVRhcqspT3XUr14akXEpWsm3xtLFlXs-NRVL5DO-fHgNdOP3ciEICj0RWGrsVs7U_w7Vfv30D_F2T1PC63RKJT9uMnj5ij_zW4duCTh39ynwbKXf83zzQlj0ALgFlU5UNTr3jhj7v_Nu2EiUBFKRNgerLln1pZyBqRLrAdmw3y0SRAI4z8C4iBzQ__JBwLGB44pOzsQdGuH3D7XnC0c6QdjlkVbAIflwgWgYghYRjQyNo3sKHhpnjeoVTdzicmWIFDBYZf7CR0wLj7EDftm1wSetHQyfif5TrvMt2NkAQOptZ6amCp47p5Woh429V1aeYqM0793F2aEqTwwS0cXXj2FNTszHBMyjQlbMMg6nEsbTOLbhdgY6s7MnYtP5O1aYLBR5x1L7OkERDwb7sgvCUWTDqLvyfWnUh5VhoCDAOpseo9LhP8XDpmHgo-g21o8M4MMgid9R-5hHbLrP-x33GQ0CQBohXBLs0n8yKm6ATeTS57vO8qRqDkgGu1cNF4SAJ7fccCdWLTtUAhqdRJ_fQ6GosUzXwFbkFaBc_9s9AMKl_NIsuglfliM8_EIXtJ9cgw-A3gv4qM=&xkcb=SoAy-_M3JoRAzETepB0PbzkdCdPP&p=3&fvj=1&vjs=3
Full Stack Engineer,"Mr Cool, LLC","Hickory, KY 42051","$75,000 - $100,000 a year",https://www.indeed.com/pagead/clk?mo=r&ad=-6NYlbfkN0CvhPi49J17uVuAkBCV9z3YX3QvbGCpDWPZ-oNR_v4QjMETpmxAdlfLrBM2hSDzMokjP6BOT1SDFKr1soOVdVbktcQ0hNK6SsAkaC30_c1tsayxeRpvIJuwapz2FPOnUIklSjIGcj9lo1ukkfcDD2RxJ3uUNJj-e9RiahrvzPpEn3tRc5A6GbjG_GSLwyFEWQgEzesWgH2NnIZz-FBm5wWYx82AerpZstyJ0cJ_blJtXR9jbpuEvfCBaELnQuCogQZp1JltVYuSQUtwsxvwtsojvC3CwsZwr2aoLrh5gx3Vn2stNtKybvojh9fR2plGUEgTqAdOcsuGGv8O6epKXp1u-Wv3WYP5oZBWR-chNfSAdgqXWPC6XQ9-mDtKsAcTVONU__Lh6FiIfWd8eeBHfhSJmWhDs2kJ_OQqTOcaJjp8HEwZxSfGuxXZjQYPw_zq5piTGeVlQLF7b_xZH4ff9XPlkha8UH-LXAcYxDaZ5XFKd8jjaNUjTkkbRPslNy_pB_wavk8nK77F4All1s1v5DrxG4QDFofItUSdKF_-ZNGZBSjdsxwdU4fOZ0-lXlKONMSH1aLJjnpE5lZjDwrR74aZdYQle9iaHhXpwmmHUbZy22lTU4TSzmK_&xkcb=SoCG-_M3JoRAzETepB0ObzkdCdPP&p=4&fvj=1&vjs=3
Full Stack Website Developer,Zoek Marketing,Remote,"$85,000 - $110,000 a year",https://www.indeed.com/pagead/clk?mo=r&ad=-6NYlbfkN0A_hrJunnnFDqJnimiL7r0RO7FR9lhj1eK2S5OpUm6BaDYga9krGLvUHyE5BippL4bw4_02jfYtei78vZB2eX-bKt8e-DOQNEWGfYfhZexcy3HHOsckyhgfj2H96rOkdKqQts665zBczQDaGVjh4pdHIveE_TvyNSA487YoT3IEc1nosf50eWaK6WUAnnXzfbBgPy5NSS2JP0zQ5il4UaKcY-h0G2_VsDB27I2uYA9RiJ6ihxlIQqf8ViUlGMh42ZU27AP0QdFCN6LuMFvpCsnH2cHW6-2B7JhfkLA_9-68LakQxlTdrX8a-8Fb6xlp5yIRiiZvsncs6gbQJ4TftK0-zjSxG2NHqc2c2AaJZGn1rNZ2RYrNEaQUT5dpUSXdy9T1tLY31SMyxlFwReJK3tCQ2Ytuz5eLU3Eqqz-44QNKMxgO5STMO3TdoYm9fmpSXqjVncxVp3MRF2BGL9PehwQjvQbmzXaycd57VcB2QMZgcPHq5HMBYdIhdqFf74D2Xp5dITeSxFj_mFpTGWBID5dEBKVJr7vT8aae2AnVhrdzp1kZAEgsizUxQheP7TRactixV1RjgwU_KALFCY9g0H68qnluZC3Szf6_qTQPZnjyJQ==&xkcb=SoCv-_M3JoRAzETepB0MbzkdCdPP&p=6&fvj=1&vjs=3
Sr. Principal Full Stack Software Engineer (Secret Clearance) (AHT),Northrop Grumman,"Manhattan Beach, CA 90266","$129,700 - $194,500 a year",https://www.indeed.com/pagead/clk?mo=r&ad=-6NYlbfkN0CwZXc5kaVZcDIejlzrQt6xuDzFCT1LgXJr1Wz7yprErqiSSQFSRu7dAdnpOTZy8C743slMRVqUNReiqJBRqZruA5iTX9mBxtAohiW3-LhCehZ6N2l6bKcquosNTE5jU46GTMLBagrHmM-k_Yy2dJH2_tOPyoLffvweuoI8mzZa61-J2RFLbbw9OEos0hOC0RpmUVpsacA7P7NLhi8VQgPYrZFF-NlCn_EO7Yyy_phDFtK4bT7U2uOtRNyxwfaNFvjmrLjwNHXWCikOxXxPG2qLL_aSeZOQUk76NByydgh1AIMeCn1iuxvtYkiAXPMP1AVz3XQiCuCFgSAWazhwpKCbHkTP3eT3dr8vb0xAi4Uhv1tWz6GV4tuTYYg6LWVClgQyA04ankXVixPO74dsYvYiqSLTmPZG0mtmKP4UH5uxeHshjNQdll82HtyCQ4EYYjryoVFtD0LYk62z6LNN3OJ1taQZotAALfF4Qaz4i3dTdLy5MZxrYNPsBd_YkL6wQ5K8pOXRPMNS0WJcd0lqUJGkD4LrAboioQuJ4AMjYsdyvClmGgSWSb6wGksgBhj2qgx-Zs20m0ifq5njuh-jmCs4BSP536TlB61aLJJFFLc6tHJuRDMKFSn3knscwYJBDRSeGQtBypsl1JmekH32t9XlMJjGeIZuJ5HZPg1uoP-zyRhW860cRp7064tNYE503c9juaALCJGR7BvLpJPiG_aWNcvX4cQ7hiC2G-9-KlCJFh6KI47m-oFwLPLQSTjU6pcfj6QGRb0_uWyY1gCK6aX-7dfIQO82AXlzmdWYFz2rSc1UPdtBholFEEUJ1Ie6n1Tf4chEOk-0TAbxXAqqgQw4S5rjgAWoTuJpMibgUPAM-djGtouXhPHT0E0O6R66rEIVeeqtPWfX7R02fC8-gJqd0IkTMr0U72Rpgcjr9jh7ht_g2A_8qYt8CSJSzG3uGdBJ5l1XjlzJtNZPUySPzEfTBvWVauvmgElqMhWaSu05RQs29m4om_FCkgYkQZPLu5sV9KTEUIM4CnervVyTUAHqoIml9LMxBbR91WuMgwNoWzsH-swFJeBs8ufp1b3SUN7Iv5RsW29b1gszH844yNXX0fmvvS4oKJoxG6IyTlqsvWPSk9MtVxFA6APlVnky3whJBgmdBkU9cKAD1FkQIAkOAsS-kzNgvj2oueZ49tABLjhgXZNITlJQxdxUK5dTak7aJOU11uAeNNtLZDyFAGryHOf2wqPZoaVTG9IlBNXO-obEM8inBNQPv3ij18rWGs_XddNez2MRoSitpV1oNlcgxi53pgM4-BIIwpp0xnUjuTnTTSqBnT6YF8wtoo3MmYyoHDqyqqyZJg==&xkcb=SoBv-_M3JoRAzETepB0BbzkdCdPP&p=9&fvj=0&vjs=3
Full Stack Developer,Northeastern University,"Remote in Boston, MA 02115","$98,800 a year",https://www.indeed.com/rc/clk?jk=3786d1232f496575&fccid=a9383e8362da1c50&vjs=3
Full Stack Developer,Presbyterian Healthcare Services,"Remote in Albuquerque, NM 87113",Up to $44.49 an hour,https://www.indeed.com/pagead/clk?mo=r&ad=-6NYlbfkN0Dqy6yjUoJnVWMdwCtv4xKWw_iAl9PLMfmqWK1fh3aXAm4cXvGWSTf9yZJXlv8a9xGvWdsz981wLB_7GT8rIKmCa0qA3WClqtItj66xcIxFb7XUWUY43mHHBOcR3oVvtVODpi9KXvbp5dK2hc0cWXcuK_VBWPCwy6kXDYI2eaMma4ellPFa0HwyP5w0Y0MEOPhRvhp5s-YrMARtWKsXHBkXAEOfhf_NDqwO-y3j77khtXPQeLDfj-w7aYLfhDLV3jgQT4rwr1MyjTLxlF_sOXLqB5s04_rD146etNhWqDgXhkZNwaFWu7IBT6p08Jy-E19bBJMTVKqBXmweTQ_pZFDMv3aOeXiUYS16-1e8PDjPtwMK7DCiaGD5kmFmi0bRClgoCrxzud5fVl9vjkUuoazonBEBuvUL3vK8SF6df83P9kgze3qUhMu-1QoecPY7YQ77EjB15p8j4Sm8eIczelX-by9wVB1dHZldgBvcbnGGOX1C5JKCPFDyXEHspFWIjDKfo7lWLMecL0e8cqxPHeSanWz7zYbskWgNANcTHAkxEMxSGBynFcsk-BDXWLxUhaMfDZhjCzobROctM0ez7ptW9hOFCFn9NAcDWDB3gwXo_0NB3seasSIKd3DEwyFb7hhBqRdunxIva7NzHWptL8nV_Y4bBBi7mz2rRREW7ZwO4c54NHfwE2r3wSG410bvkW3rprz0iP5I5nHY0gxKjvvW7Iq9iBbNHHxdT0W2tFKK-08_1snfF-RUewY0GXVzIszKolULv5rTxLlQjelCW3Ft0yj7g9rCyRw1OB59qL0dnIL-1D8YMai51Egcklf5et2hvb4KTiSRUwH-XwJiHP1DF34vJIwQQUlAmUg1XhNYGbOqwP2uEI0dkj90Y5UffJXWqkd9EuhKct2ytIiSwHAYhUsXwHmwX-N5VBrZFGKROxP2y3Xfn9WgeGdJSr5chR7sqRwCp67f5krvXtJor3dp6TrBsB1h1IHxav-KymkefA==&xkcb=SoBi-_M3JoRABuy-JB0LbzkdCdPP&p=0&fvj=0&vjs=3
Senior Full Stack Developer(Java/Vue),Strategic Employment,Remote,"$140,000 - $180,000 a year",https://www.indeed.com/pagead/clk?mo=r&ad=-6NYlbfkN0AKWvSE4sqLrvmChH3oy7SyLhGz62xmrQXLRHvtrs5R_Y69W66yYKFVmA8e7QaSssIb_4JjzfoLeYHcuFn0VCPAsdqk-0C4G-BaltawGELUcu2uXBjXHlf_fJmP868W_KqkgBZ79XvytPzndJXgNuQvLi7evrZ12zpEwQ_eWx7jSKQvLaard5O-ETT6vqPbESqqYeG70ItErgsC60t7bfl7Jnu-Iu5AmizLRZsPT8HRFXPWmzl-RN1fQPPxiOA-Z1bXbRqtr6cNIQs1IA8p09KRktgUGPTFBlN6reD1p2P992YSoToCnUruWgB19ATdwLJjZZKoRvZNFe2UwqfyWevIr2ZuUAHLnmOq04zA-yeT6oR2qiVF32XpWtdEqyXVUTS18rbOclygDITRQMsRjQAFI_LO-ZW_kLw3UgKEhguoILVyrNBAq8VuwDEEX3Cw53ktqr8cw46JAHjA4GZ15FZMyqRl81N1iurcQ8wb6QXOCDrETMaEsAx9MrynizaKRTv1rjATlyuRnrldAN9szPF2xh7TuqaAaKKJue46d74uI5YWMGTJI9VaiwqXm4XgtnuM9LcAN_aA3vXHEUN_kzRKx9YbkTb6fqr_FH9RvlOpIewwf37vQkvBSHWzwtj1sXNC5FQi8Z9VjDKk1pRAGbN6sXG2bwGz2zgx41Bnbs6Qow==&xkcb=SoDW-_M3JoRABuy-JB0KbzkdCdPP&p=1&fvj=0&vjs=3
Sr Data Engineer - NLP,Peraton,"Huntsville, AL 35808","$112,000 - $179,000 a year",https://www.indeed.com/pagead/clk?mo=r&ad=-6NYlbfkN0BWrJOJIc9CpN6yMpv0V0AydpTkzwx7H4nhH8WAx3qz9DFPmyzxY6nkFs2NPrIYzV-k4DGG9BsZ5Ljuzd8vKVw4d-F3q-0-KUq46nZbycFlGpo72_BP99EZIWVs-blbWOq89reB8PBPyDq6rI0udFe3Lq8O6ykVf1vg8wSRQynXHXUQXBxTVxvu6RlH7UVvbUOOtJbDlo1PQC8c_NnGCi8QMnveJrRuKGBfAt6v7VkkABzXPFrSpROSkq-ICTecODyRsk8b6zSsD2vFgeiRK_vn7T4ClF-4Ne31lLZ-ayWu-zjMMemFJMS8hqc_yssyEq6r_y3VKxs5s-uXaOyAgQnEoPS_H6scG_UPjcOg7NofV-Pl6yFGWcrtv9UpnMysAtZAsI60wWhGwmszAIh7qm9bnz4axiHPErc5GkT90OTVe84NJB497f26y9HjXuL7tClzPPOfNRLwfWdGfz62A6rOjt_GgpAQlNDECU3Qq_isImnpwdR2n5GUx5-M3sFq0uevGOb8cGCCu8__JyIscfjByppO3ESZxvDzvUbvT-ymyoUzBozp-7hUCIX89j-AxAx0WD5RAQ9Gf5l2OkIM6a3EIAsRfvJ8XcLIRUQMJ79akTqPj-NckUQJA1FEGTr4xPvO38Oote3fzHnoeo-vBCZanQUTg9cy9RyXGblA9ug-nzJ2dL8k3AwcSqXBUloSukgl55qGMjpLIaZeehxZUbgmqOo5qCvuc8L4tuY-yos_hniLulr97joyFGQQiWFQVdxmTAPXUyOZSn_0HY48wcaA-Eaj82HoLXLSI94QZjE1NjevSfELTflC3dZ08tRlmDxCYbyWsAcT7DCYwuRbe7ocrcq3A-u9uwoXyTgovyhcDaZFBpkWimNvk5P4TTJxXQIhGyu0m7v52LuRqgRCne4XBNrZL6yKfoYuy1flWou90tIe35LRKFyo&xkcb=SoBL-_M3JoRABuy-JB0JbzkdCdPP&p=2&fvj=0&vjs=3
Full Stack Developer,Foundry Digital LLC,"Hybrid remote in Pittsford, NY 14534","$150,000 a year",https://www.indeed.com/company/Sequoia-Group-Holdings-LLC/jobs/Full-Stack-Developer-aa2cf2e1a8f51d6c?fccid=def09a7f32a72b42&vjs=3
Full-Stack Web Developer/Client Services Team (ISA III),San Joaquin County,"San Joaquin County, CA","$8,417 - $10,231 a month",https://www.indeed.com/rc/clk?jk=b106b33f5025277a&fccid=6ceb8eefa009730b&vjs=3
"Sr Software Engineer (Backend, Front End or Full Stack)",T. Rowe Price,"New York, NY","$141,000 - $241,000 a year",https://www.indeed.com/rc/clk?jk=0d7b4d41a8dff550&fccid=65c89b6d6455eedf&vjs=3
Full Stack Developer,Bubble,"Los Angeles, CA 90029 
(Hollywood area)","$124,958 - $135,802 a year",https://www.indeed.com/company/Bubble/jobs/Full-Stack-Developer-c4e900d4fbfc52b5?fccid=babbb719395a0cd2&vjs=3
Full Stack Engineer - AI Labs,BlackRock,"New York, NY 
(Midtown area)","$142,500 - $170,000 a year",https://www.indeed.com/rc/clk?jk=c1d400e3bf14d165&fccid=58c732f14833248a&vjs=3
Full-stack Software Developer,National Renewable Energy Laboratory,Remote,"$93,100 - $167,600 a year",https://www.indeed.com/rc/clk?jk=45c142185a132ebe&fccid=b4ae64835618776c&vjs=3
Full Stack Developer,Blu Omega LLC,United States,"$142,000 - $152,000 a year",https://www.indeed.com/rc/clk?jk=778e05e1dded1dbe&fccid=2a13b5ec705d5d43&vjs=3
"Senior Software Developer, Full-Stack [Growth]",HelloFresh,"Hybrid remote in New York, NY 10261","$120,800 - $151,000 a year",https://www.indeed.com/rc/clk?jk=55de8b06838d7760&fccid=d945bab513bef0db&vjs=3
Senior Software Engineer (Contractor),"ATR International, Inc.","Hybrid remote in Summit, NJ 07901",$63 - $68 an hour,https://www.indeed.com/pagead/clk?mo=r&ad=-6NYlbfkN0BfNYU94KzJuWtLrCRU4sQ8b6XPKhdAMrb_eI6vBPAcxJrFysygXHv7stKnHmfMxVYZb-TsY4-gX0WKk3NMS8j_9w5Di0V5HNVMxx_C40TNyLuBd0AdggtbFk_ck0F2gvEE2qEp61-YHyRugGQ1oGDSljrMdE1hLMt2xstdRvjTlIVKba37_81l7Av1zSICzVUaxMYQzEOD_RK5xCH0FE1Qvfz3ZXCPFFZio6izPA-L5ilk2j23QCdRTez-7IGztnx70oKmrthBGzKt2njI3ziK5dfkNf0yyltoWdA_pu5YBGGsAPxNr-sWMEXFoi2-dbpDQujUg4tcxBhutuGtqQXo1QU3AZaTCI_2mXLk3jXVENuuxOd8qOv92739kQIXWPwxljgxvW7_gkSo2YyLPsY9TnE0LmvdxrjpoYyl_J_xOR1fVHdxlHUSK409BRJh-Y92Ixl3bn2srcZiZ9y0tKSw-7citV9ixzYZmJCkDc7C-_-nVnuXBnK-92KjxXlXEFDalMJ-nKDggGfGXu7mzVnKoxyu2eEkbobd_TOqz5SvdEnx83r_5vsDthHJQk8_yln4uvrj--6b4iM0H8hb5Upvem8Lcix7wqxCVtfMOsKBIqbXPnGF-3EvoK5JTKtoqg4=&xkcb=SoA_-_M3JoRABuy-JB0FbzkdCdPP&p=14&fvj=1&vjs=3
Full Stack Developer,"Voluware, Inc.","Huntington Beach, CA 92649","From $90,000 a year",https://www.indeed.com/pagead/clk?mo=r&ad=-6NYlbfkN0DtCrx9AKFIZEAJF_5iJn-g0I9gc-qK2XIBxn7teEO27nLl-ntmZieXMqLNYWcaE34LLMMMd1jaRNiINvIVxVOoYkYJ8ijcVcZMGaKjJ2JheuvwZXqEoBORmJMRgH3hwqG2xZ1Qt4z5I8d1xBXUQcVpcGYu9FgOmDb_Dmkx96GkpOov6fkohXir9xqx6urzyPgsrskzzwZvmrSANFH90S9-XLdXmoArmGJALEE6lTW7xq-PVeTVhRA2p2Sh7gX4CkkhkA7XRv_wnDclg41Czy38w0nyEBJY8ismZgCTMIK6caxv1u4hOutX6E69OVByiPmekLZ6hgpk9JYDepGjuMIzLYk9pe0AIYAt4neTxBvnmoVzcDU1VodI81zOGfNB3t7yDZbySSxFD2b0sEIMDWWQMvGfTUd--JKkndv3KQ5yYS0OwSRs1-oWnSStPxLeyxKCiUK82FbWgqE2O4KpuHLjiqQ7F5DzzJu3VA1CBPiX-fVNCDs5GFOzChdPfRD3dzDsJNeZvGHbltfrKFKewbX5BlzUtI-5j4qZfoeMWj3bkRS4BU_nH5ikL9NEkdgSNpXlqZlxs68ML4yWGARs-nal4N6bwn0Cs9LCr7MsdSzKgw==&xkcb=SoAc-_M3JoRfQd0ELJ0LbzkdCdPP&p=0&fvj=1&vjs=3
Full Stack Developer II,ROI Solutions,United States,"$80,000 - $100,000 a year",https://www.indeed.com/rc/clk?jk=46963350b5121a9e&fccid=4bcaadf0296ad95f&vjs=3
Full Stack .Net Developer,Ora Apps,"Remote in Washington, DC",$75 an hour,https://www.indeed.com/company/Ora-Apps/jobs/Full-Stack-Developer-709a0614ecfef4bb?fccid=0ead67a460b32ffc&vjs=3
Sr. Full Stack Engineer (Remote),Roo,"Remote in San Francisco, CA","$145,000 - $200,000 a year",https://www.indeed.com/rc/clk?jk=9e7ac02f7ad89812&fccid=c8ffef5b92880824&vjs=3
Full Stack Developer,Leidos,Virginia,"$118,300 - $213,850 a year",https://www.indeed.com/rc/clk?jk=8680992251436e37&fccid=8765a4045377753a&vjs=3
Full Stack Engineer,Scanbuy,"Hybrid remote in New York, NY 10018","$95,000 - $125,000 a year",https://www.indeed.com/company/Scanbuy/jobs/Full-Stack-Developer-f02691543b85ad69?fccid=69f5b88d8df2656c&vjs=3
Sr. Full Stack Developer,GEHA,"Remote in Lee's Summit, MO","$132,947 - $186,253 a year",https://www.indeed.com/rc/clk?jk=fbd4fec751119984&fccid=136c0ed8844da7a1&vjs=3
Full Stack Developer,Simon & Schuster,"New York, NY 10020 
(Midtown area)","$100,000 - $120,000 a year",https://www.indeed.com/rc/clk?jk=16aaf88a714e6c26&fccid=df30a08564cdd12e&vjs=3
Full Stack TypeScript Developer (React/Node/AWS),Michael Page,"Chicago, IL","$140,000 - $170,000 a year",https://www.indeed.com/pagead/clk?mo=r&ad=-6NYlbfkN0BR3ykMnr3Vw97HK5IC0i9Uo32NXohanwqRY-CI8z69brm3BnZpGkMpHGI7ZEEMUba-6oYneRoWZS0l0KCXNvnW91WzMxgz2Ah8yEx3sHVZGF1NK3YXRi-DcfQZdqdaIMmbAkdU2SJOWnMESpIQQEefpM9z5ctiV4TJE6twanOE78hkEwY3wMP-yyTEZwIRBqcYY5KfhXV0f8EdLEF42J2NG81AJIP0AiU9-_G0W73AMXpfM6S5Fip_bW-sqBNtFumA3gKjKWE-_pdTPLB3HkVs-8ZJR9n4H-F432q1725vf1u-7ltqk-GaBjoCEl_OImPvwL1VNRgJux5l7a8MARNes-V4UpuKuwKWnUPwEulGFGNBLCvPft1y4bWWB8wqWEL1MCM8gVI3czFJyHACn270pnaU092r67tnlfqLDOGsrmf1VKgNsKeJWgVSPsWc08nSePSL1XtPNNpdJRXflyHo8mTlYJchHMUS3Uq_K_J8ugHgdg0AC6Iax0Xfp-RXurSpQmpVDcDjKVHETkVDqwaKRVXVLa6aqdpzBrgC8srTX0cYFocHLxG3ruiXf0PMLMFFFWYp0ZWLNnWgTmk4eOZRg1r0PooUxldF6WvHS3CcO3_TEew3_h-yqrT2turhOLttTNk1X8HPUsh7jRQo2_QXZ9xGpLNt4HOFf5sYvg0NRoYFHSVu4zeOeUHGLmW5tnjlxK29OF26XbIHK7NlD8WUkY8WyhfrC5yVt-mm2RfrH7FMbp7jX1jXF7WwEHO3AxIfSfKrxVAtAIfPCWYvkDTnpp0ust3u1VlCaf7VjOuSPV6EwrnNYBV7FmuJAZmC_QKF61XTF0QVn2FsMDyXRwtyd6Z536NViEQxC0_vlZXyefww233IpyCiQYhFqiR24_iaEWJY1B-V341O_3GoJH73lY3T5_GvYLS5Jcjx9GEXRoXEwPr2QF7jQRUgr9IiP6-qf76X9fUsv-TgK1GicqvKebdNSK-ql7r3rpv8FOonz60d7hVzOttKJfyeA-J4huXk2eRGvAUCCidpeU6s4UjnOUb6C6xSx8PdgYFlxvtBLmlsbJNr22GF5LV4l3HToqVcz_G3DEuY3jiTmLkn3jyDNf6b-gBcl1_z-eUXC_WeImjz4LXZp9xHj7dLy7XKzJJQ0TGzADvXDA==&xkcb=SoBB-_M3JoRfQd0ELJ0FbzkdCdPP&p=14&fvj=0&vjs=3
Full Stack Engineer,"Odoo, Inc.","Hybrid remote in Buffalo, NY 14203","$60,000 - $85,000 a year",https://www.indeed.com/pagead/clk?mo=r&ad=-6NYlbfkN0Auw088v_g3iCQsAKrg-1ddR39RF1lm37BeTzwxg85fA0CkKHY3YEEiyXmnihwqC2pNcyKybXzYrGiPoxdjHO0zG5apEcnpzSlfUDw4FYILHqqx5XDkcJjk_rFiFgCpavpLzWwbsdII97PwBiUKF9LHLNomn3_u-bBLrU7om_TGR1e2iVahFxx3rdaf0B6TaB7LtAAIb5SE0-OVlwUnJesOICQJPre2EDstWlBzh7uauapCjq7P6kXsRa95a2zs-1pniLBUMWB05el9J_COBf1EUhXHiEUlCoNvoHOPzokoyiNZf_CJhbOSLW-lBs7k7v-UFiwBejw1AdaDjOYYNXprGugWLVrKXKcqo7WqG-fQjGUGsKJcvvWdNvEnvDDsQ-U-rU1wIvk2bNGyKU_uzqWyzhwq0cchwWbdrY9mEyMrCUs3ifZ2DJaWoipNb5akQo0Gh0hMdx5U1koS8QpvZZwDpNIwainboeGC7Mpj89VmEfYrSqZ-rp_rzKycDJtiXNu-9u3wU6qLtHXmrI5JT8AwDP51hVB67w3NGoZDFC6RY9pIq647BQMu092IeVd6IwnGw5gdra9XIENWMmJZdecfAYwp32hOnNVh8CW4MNKEnQ==&xkcb=SoAX-_M3JoResUS-BJ0LbzkdCdPP&p=0&fvj=1&vjs=3
Full Stack Developer,MegaplanIT,"Hybrid remote in Scottsdale, AZ 85255","$101,297 - $135,370 a year",https://www.indeed.com/pagead/clk?mo=r&ad=-6NYlbfkN0Aby-idtaPF7P1rHKqHKocJ2kKZS6qDrLB0ak-4Wh9AeK6cNm8URF7z6pIY4WRx9YxFuJbKf74wKXz5tMbmRaRQm7vt0Ncu8tmiy5fh0XWv_R6GwtNmHfe2M9YLssGKtkGtENv-qA0TKrAcRR8fhIol4S3b71pGW8uXWt9mcI1E0Ptv58dzyx7g9IPqqZqPkrQ31zouo1Gnh03TWnZg6-CrUDnAhvs2s2K7VgbNU2P727rMJORSSSkxNwcBWTRz0QxcPpZd8G0PwVAK31yVe7zczBDYopx0u8dzUTz6fM5uiMpZezhhwXtmf3gWRntF8-5VYYqTA6vxjounqj2GZ-lKz9ba3qN_57ysIKHid_4HxA0TOI6LixJ82Hrl77U5oPcXKVbkqyoYmoc9HxvldEds28MlxPFYEoirj6JLtBkkbEZtkbXrC1J33uwJdPYyE5pxaSJvEToQwCxDGEEj49s3hyAqwoa4cT4b49pe247BbwmzjiArIiga7QFI51onT-v5tj6ejqXgBe49tIr8vJYxCaK0ZSGUI4EXOfSfXE_jWVqeSuktYB7n_A5slwYZAhlvPj3BPQW8rl2Me4UT9uV3&xkcb=SoCj-_M3JoResUS-BJ0KbzkdCdPP&p=1&fvj=1&vjs=3
Full Stack Developer,"Revolution Technologies, LLC","Ankeny, IA",$80 - $90 an hour,https://www.indeed.com/pagead/clk?mo=r&ad=-6NYlbfkN0C9s4D34T-t5Q_QrI0J88zVoRG4vEg0yQeuXb71JYkH4ZFF6nN3aXyD5yPaNz63F60flZLRuBkGZlTF5ounJabPBxEAyB1eLJJ1u_aBCjZbpyF4QQLXgxVhSeX5KYodnSaWcBJxoY6ZX-prMbZ0hgMLkhQecYJDjz_IG0n3yoS-k77MskZMhK8CTLbsiywl5V3siDRQKcCamtzfAsMecsVGYQdLD0rXx8rLCt4ehOTAfT90k4bCcmCsVcIlAJOSIVhB-SLaaoo6Fw9L7Gs2ITFqdLrE8yqUBFgUGJuMpZQDp4rlN9ZOG2PHe2ha_ljY-kKmj7ConqtKYWTnGbmcq5dliu9NC7aD6Zhe3QlYwQIxTW0r4ilWaSZsMSFLqAs0pQHtDL16X6ru_aGBUiwJHMqfogRoxVPYvv7AIFcUAxyo_5m6-td58TU9SBDfaVe6O-X4eauWqNdu73J-6CbnAqtrVZPV7CmbghxyOtHzX5f6QWQDeWbxGaT04ihHX-qzoqxkX1wbYE4isk7cfp6u0hBHAv1w2Aov-cTofIND5BTiDNVqGx5RYT7QFTHn2xx_dlv6Hla5u0GScIYWfBV010cMAkl3pZpzQmChIUQRC7D4Z-A3zodUjXDw&xkcb=SoA--_M3JoResUS-BJ0JbzkdCdPP&p=2&fvj=1&vjs=3
React Full Stack Developer (Node.js / MariaDB),"Tentek, Inc.","Hybrid remote in Long Beach, CA 90801","$125,000 - $155,000 a year",https://www.indeed.com/pagead/clk?mo=r&ad=-6NYlbfkN0CjFA1lmdy0wJ1Qe9I-InJ7XKY3GJWrv4Ih_xPgAckHyoKJcbyfET3OPmW7VflaqH9p-o0TBF3y5guPBWk_-637yCfQ4cw9nLMf-okfF33CqVk5tC8OacF_JpxjjdBeen_3k9MW45aVUSs8Ryu0XgDYpo2ibE-U36UILWM21pun6FPmbr4UElGdutvXAWMkOppQWNuQx56jSbek838kcmsCCZeZzVKH4rfkhkSgSthBjm1gsNVOZTAsQSPst-o8FcQesxwUejrpcG3Bfk_XQP9AP6d_UpWzbOf0I8MqqvpK3rOp4QzKIosY1Md8FwyKxqRWaHVl4tYKUrgGjZfhWrf5cIfhfhgxdDwfhP79m-L93qygcAwUjXMiW6-N2sAqGM8Wf0u088t_fFqLxb41EicuEsDOJwmtOSOatFvt5WysoxqjmKD8v722uYRmX5p4IDW3bjF-_PArcx5N7HR_vpU2l3ZJ4i5Bz2YZYMOGGiozENrckejLR_dnL_ElqZrrEyedp8uegJluuu8rQQyD7vqSo3EDft4dqmpX06uKynUYglUqNrrBQRB2zDorSyI7jX5QusPqKqHYJYCcaDyXezthWR_PLwe6vrIX0TF6BZqgRErvqBCX9qoWMtLLeuMp7OdYDWOHtFbp7g==&xkcb=SoCK-_M3JoResUS-BJ0IbzkdCdPP&p=3&fvj=1&vjs=3
Full stack CyberSecurity Software Developer,Novacoast Staffing Services,Remote,$55 - $65 an hour,https://www.indeed.com/pagead/clk?mo=r&ad=-6NYlbfkN0BjtMmumZExjFGZu2kX4LmoC0ZWK4i5eSAkFO-E1hYx7SCTeHyYoVKvM2sc8HF0nz5gSpx5UQUGzkY1wx09RZEv0GiTzBn_L3rkoNnf3dFwBdl3kAvN4_leisNVmPjURjhalMmxQbCVAYcnD7IQ08IHFU_UyJArXgse8tbFsWN2oBbpr8ZeD0mrECmi8J8kqpoTnVMLjtVvoSjiVvW8vmgwl_gQH-GoVZ-Q_MHHuesHSc1Y7_AVUDqKzsy7uhjTWM0htt9Z8HTfW-sqSm-tK2yKkPZAQkjsVTpYcFuyS4ChAqatb9A1NhiqZVWp2rtGjJGCZyTpFJeBfHy0Ejj3KvpL9dMr6VF_sUXGN6B_V1QxSukYFmOAZxB3xXKU2bagpuuWc5X9ajxv4-R0MICQ78PjM7VJh1lhZnlFrpj-GOTxRnXJ5Ij5CxH-J2kWDMdONNSzDDgIoHKajlKyvFMuXTjP9ddjP_YMd789je1TQdNPn4cC7aV-QbJ8MN4ntc2hKXKCI0GAbjoI-Lw0_cw-6LWA2AhummwoBWhtyAEz98wLcIm3YY7XOV86p4zOTM7bsF6n_u8utIOfSl7EDE1gUuUOnSfZGAPYuyjHu253NAGJ50Gr8g1BR1_SSwXK8Lcmi5M9FrL-tLIlLQ==&xkcb=SoAE-_M3JoResUS-BJ0PbzkdCdPP&p=4&fvj=1&vjs=3
Full Stack Developer,Presbyterian Healthcare Services,"Remote in Albuquerque, NM 87113",Up to $44.49 an hour,https://www.indeed.com/pagead/clk?mo=r&ad=-6NYlbfkN0Dqy6yjUoJnVWMdwCtv4xKWw_iAl9PLMfmqWK1fh3aXAm4cXvGWSTf9yZJXlv8a9xGvWdsz981wLB_7GT8rIKmCa0qA3WClqtItj66xcIxFb7XUWUY43mHHBOcR3oVvtVODpi9KXvbp5dK2hc0cWXcuK_VBWPCwy6kXDYI2eaMma4ellPFa0HwyP5w0Y0MEOPg8eMez-11h4ZVkRMFMYgZUdSHnd1nxr9-0TxQpPdB9EDRVuv3xHVPxM8-jQpFux0S_WDuGq-NQyJriFA-6WoeO7R9-6XQGDoo4mv6K4P0zw2FBYSEgq2qIxOoa6k_PPFOCQxrsjAiIhv-6AqJFDxFldTND5rGKhrEJM8NfiKELRFzFsyL0K-q2WWJK53Al5CRGepbhxcMCXl7WJlObYzBlyyCxYDjZ__fX4k0CvKz54lCiEYGY_TdI_NkbnyxzOnoPAoQlmNAQZvHSSLwZpneKW9o-vcUwfekvDqIN56t8JM6MDWi2ybQrf_85C-cd6u3HukZm_wyGoqVQPs5HnVJJBJ91Vn0lsxhJcCXoOtTYAcCYkW8jsnef5uu3w6SKO2b-tTJZbcvHQWlj9Z9nsyELw5HZ3kYyJVl-DdIg3qpaLJzORGlwG9gsekStijSRxzCxL2k4FnL0xeFOEqVjj7OG53Zod_2v5s64Rc-kmNQD00IAGO6iYxISPZI4yFxns9UVHWGw_bsTBHADsG5_BmMn7jr3VU7GjFyWKV-B7Dg8jGQjTwopIX_0-0zUT0EELtG8NbXfoSv3bSoKns5ZnpxfmmLHpW4PAMhmeO7B6A_s6TxT1gpl9b8Q4QN0dA8_ztdjXaUc3lhZOQPJ05GKX6IeiTlxbOTgTFv_KzVcNgALNlaqI0OgA0dqL_wBDeB58pSZVK85X0dxPDXA4yXF1YO_C_AAM2VbV5MeDci843SMIjwkx7nYRPzDUd8mJ7KyGia3a4a4x3bvZ4yNxarKTribgMqTk8sY8stQec4ia6FjGQ==&xkcb=SoCw-_M3JoResUS-BJ0ObzkdCdPP&p=5&fvj=0&vjs=3
Full Stack Engineer III,Storage360,Remote,"From $110,000 a year",https://www.indeed.com/rc/clk?jk=5f53a19cf796cd0c&fccid=d3228c0302b2ddaa&vjs=3
Full Stack Developer (in Maine),GoodGames,Remote in Maine,"$65,000 - $75,000 a year",https://www.indeed.com/company/GoodGames/jobs/Full-Stack-Developer-e2acd859fc9a147c?fccid=87cd24db433abffd&vjs=3
Full Stack Developer,Trellus INC,Hybrid remote in New York State,"$10,000 a month",https://www.indeed.com/rc/clk?jk=527ba6dbbb1ee9d5&fccid=49c946462528eac8&vjs=3
Full Stack Developer,"RealGo, Inc.","Hybrid remote in Fort Collins, CO 80525","$113,181 - $124,675 a year","https://www.indeed.com/company/RealGo,-Inc./jobs/Full-Stack-Developer-bf07fae2ac2ab620?fccid=76f0b00b16546ef7&vjs=3"
"Full-stack Node.js Developer, 3D",Wrapmate,Remote,"$111,000 - $189,000 a year",https://www.indeed.com/rc/clk?jk=501f15d44155b70e&fccid=95a6bce0c7cf1b92&vjs=3
Senior Full Stack Engineer,Epic Games,"Bellevue, WA","$149,392 - $219,108 a year",https://www.indeed.com/rc/clk?jk=2e25ab8e9ea24195&fccid=194eef4c168b8cc5&vjs=3
Full Stack Java Developer Entry Level,SNVA Ventures,Remote,$25 - $29 an hour,https://www.indeed.com/company/SNVA-Ventures/jobs/Full-Stack-Developer-180733de75cb6b7a?fccid=4071fd2818829138&vjs=3
Full Stack Developer,Tokalabs,"San Jose, CA","$90,000 - $135,000 a year",https://www.indeed.com/rc/clk?jk=5078a67dc4822911&fccid=b9d224ecba61ecd9&vjs=3
SOFTWARE ENGINEER,University of Washington,"Seattle, WA 98195 
(University District area)","$10,300 a month",https://www.indeed.com/rc/clk?jk=f83f517441316d33&fccid=142783ac2edbe56b&vjs=3
Full Stack Web Developer,Sazerac Company,United States,"$99,640 - $149,460 a year",https://www.indeed.com/rc/clk?jk=5ee7a1c6fc903046&fccid=f2216b2c10c9d931&vjs=3
Lead Full Stack Developer,T-Rex Solutions,Remote,"$125,000 - $145,000 a year",https://www.indeed.com/rc/clk?jk=72483022b441ee5c&fccid=e6ee5860b53e63c7&vjs=3
Full Stack Web Developer,Altus Engineering,"Remote in Baltimore, MD","$80,000 - $140,000 a year",https://www.indeed.com/pagead/clk?mo=r&ad=-6NYlbfkN0AortvpW3vTTg3IlRoAHJlhxWxmL2tW0W3d3MUvqLRhPaCuUoct06Jq1R86V20XLarGIjPeS6si5EKTMYIS7O9f0bAD0dOj4X-f-txsokz251EFIc3Z8leIH2LuBnWRFxkkaIMFScOXazsa5DvjdrrNp8FgfefkMfPI_PrVfgFNvq6EW2MKbjEI7-VhnrqGHXlHSW2HjKFvr1WBn6iOq-BBTK55kNE-QTphMcgbOdn9R5eXCjrOP5xU-TqWAq6msSi_LVLdeRjE_cufXQMhyCt0nWbI6hQeDZTfZZXs0C0S9qswkrHiu9MyDGTLmKKgqLbYbEZp0QV-4JK8c80MBbZA5WOs5BSYMBMp8dABlcgOJDUqn4jpxFlV7ExYOpR8qXwgGSD45mAoR5QkwimYGmxflLGIokjoZYHCfaXouIJU4jcsj5CnTRvYrT-3lch7FlnlFppRN-8TormBnLZs4_ChkmTu8dmN-ta_ot0m2oMIGuODup9-syrRk8KHmgwcLUmtUXKWGtVSFw4PwpVN9HQUgbesQK2__DZdFgU6pq_w6v38zvfDX8qKFJUGPoDp6jCq-22G0pRB7K6Fq-Tl2MbZ3qZxIgWtc870Drm6qGUzw0LW3oNmJ0An&xkcb=SoAM-_M3JoRd8ISCQB0FbzkdCdPP&p=14&fvj=1&vjs=3
Full Stack Engineer,OpSec Security,"Dublin, CA 94568","$100,000 - $140,000 a year",https://www.indeed.com/pagead/clk?mo=r&ad=-6NYlbfkN0AwORC7_8FRyWQCIT30gHvX7uuvuwwUKpfzU-SEu3e3653yqBRIuMpFyNPvbM6bl0K-_Vz4hEI6N1riCjkXatDNUcofOoKUbX5SrjmL1Ju1772z1qDB-e5qVJ4RdD7ZYAFypqU1v8PhUOtzDlj4uHMjjbUQpk-VKHaa0EuW0TtZqqkScmP74EU5--OEaGA8IQZDATY09_cd2F4POshSFqdvLwjqms7ZtFGhjgzqSQtgz7rJ6g9M3GNtUiFoFGJhaD7kpcyTSHDz8L3POFDxTBNxRoD4wkoYkzM2ZPpHX5q5RdzcVemXaLST-KUl8swhQEPMgD4UDMJnERY71iq_PkRbhRld5NFTwQ3gw_2nSdO4f2Hc4tAA4OXM3okmzd2ircIx2Q_VDTqHuQGYPEMok6wttvOtZemG1bCTgomaA5TbeQo3ZCglB23w9Y4egXqoq94PCzrP0ZgNt7zeqgyEeXDbCL_sCtOKaDYSHmBfXL7xiNBDhy_HOZS5JB2nHR33I6KF4HXoS0ltQpEEJ3llgWVLjOetFwWDDZpMXamTcLdisYl8p9uH3Ap692aCpzEkq0Wz5QbJwq-VQc2VLlp9sc8ilVVrteygDUMIgl-8_h0SZ1e2QDIy7NWL&xkcb=SoA9-_M3JoRdKRyCQB0LbzkdCdPP&p=0&fvj=1&vjs=3
Full Stack Developer,Presbyterian Healthcare Services,"Remote in Albuquerque, NM 87113",Up to $44.49 an hour,https://www.indeed.com/pagead/clk?mo=r&ad=-6NYlbfkN0Dqy6yjUoJnVWMdwCtv4xKWw_iAl9PLMfmqWK1fh3aXAm4cXvGWSTf9yZJXlv8a9xGvWdsz981wLB_7GT8rIKmCa0qA3WClqtItj66xcIxFb7XUWUY43mHHBOcR3oVvtVODpi9KXvbp5dK2hc0cWXcuK_VBWPCwy6kXDYI2eaMma4ellPFa0HwyP5w0Y0MEOPg8eMez-11h4fOuseFBohENVM-f7vYCiNfYsxRx7kN4NZy2YuRPnFrlpf1pIy6agrqsi2z41V4saYUd1FA8L7ff3n_YNpGTh386LEqAhWFK1zVfP_cCJLhS3eH8qXosDJ1ckIhWiq2wSZw0AWcoop3oKo63-yfKCui07pFxv6rpzgJKzmSbWVL2ob2lT0ovpihycusndL-94Fj96tUnw8m_qGRvoR1AMWpZzpCVOaICHVC_-mksOQX6hmcSC-sLxq2JZSJrihiDeNR_X6DgPvSy4L3HS0UyrqsDf-lMey_du1vuKLrGHBXjo6a12BQsJRPhZ4NKiyWYTZg7-d-UM9I6UXZtHLN5j0p_NsxQ1Vw_zMNKDylYyedLqbGAiTr5iu-HcOb_eUU9_bcFeZl0I4E4E0I2LYg5yL1_1ly3T7xYaNjxsVXeZe7_NyU6VCiYYoAhtdTU14kARscKYZlG1ofeDFUKrWYIoccBtP3lDwoFDSD-2PNFgBxP96-S1KnfxCyqMaEmGFly4HIAuUJRh0zUD7bmrymbtry7KQqHb_Fprqhc5evH8GeQ_Wujo0f2HkCXxM8VsE-XCuqH0xMZBpnHlRsa3eKcqa8flAuq8dPOIa36_Mdj0tOhQGFQYrswyeI9bbKp3XgTQ9hfwnHxYrkp8IPUJWbpsWa83_hjh-fiI9eouj2icUwnFoLk681lSBBc98t7qVD25nE2dMjB5F_K1cxRGiEMlv0qs1eqz2b347z2eqjRNTOYaZXW3E1A4t7V2DwyQ1d-8iKFTnKVor89r09kgMEarIoBN_HlPt4z_g==&xkcb=SoAU-_M3JoRdKRyCQB0JbzkdCdPP&p=2&fvj=0&vjs=3
Full Stack TypeScript Developer (React/Node/AWS),Michael Page,"Chicago, IL","$140,000 - $170,000 a year",https://www.indeed.com/pagead/clk?mo=r&ad=-6NYlbfkN0BR3ykMnr3Vw97HK5IC0i9Uo32NXohanwqRY-CI8z69brm3BnZpGkMpHGI7ZEEMUba-6oYneRoWZS0l0KCXNvnW91WzMxgz2Ah8yEx3sHVZGF1NK3YXRi-DcfQZdqdaIMmbAkdU2SJOWnMESpIQQEefpM9z5ctiV4RvswtvmCN_9GZsAFTEXwuZzWTDDTc32f0vfFf_9SozB-ayybDOKWoaOP-k92btLTUoVRWHavs_kfKsnraX0NmZGxPLMzgagVWuj1oLEsEIlkgx6g1yGnkOt6f2o1LafZuWM39Ft2AklTAYWKCfNO9An20D4_4A4FAbIr3xbbzTbOb8WcAKhWUbmQ3T1bOEgtRynOplttE9t9nls_-gDrixS_M8CxN40qmDkI7Wi9tLCAVPSr5HY0oz0BR4ZAmxrdZZjSEwCb3jd79vx8V-T1bk1T_rJ7zxtijKpL4hQh0Qa-l7GQXeovTno7qTQNFwy36ZSJrtY-OhIk0t46vXCmAGphrGc3b99mkdUJceAbWqOe8f_QUPy8RCtV_VGCx25bv1ZyR5M4_oB_jKM7NLoJZOKf7vepgHUtlnhbRxZ8GfUHv2psKTR9Sx1ONvX5m7ly3LahftGssCpY4nUft-OitQF_DmvtbnuZ6Yz02CePaRBC9YdCvH4_3zaf_vVcZ-PfcpmzyHncda1W07XUz512HP2JoEs1CX1-ORfFaoW3ah6kZgU0aXo6i1T23zxSsFJo0O1GEKHb3cbG7XBDhqJ9gMLH4ibgfdsxPmCIsXXIqXjnmk1mmEB14lC6qWzr_eiO_Wxh_TZ4TbgkdjnSMKmphEGvHkjczGsngHvJqhpEDTi8dZBgijXrBaMUh3Pr3etNzdVEuZYQfme5gCJS5HK2wBWv4kqW65Cwob77nztNa-62bVvb5hS8siAs4O_BXe93fysBvQm31slTJTugb-OZtZ4LTuR0NENDVgjiygsCfq-TL7MzHbxDCvCI6XdY0hkQ-7d8-jcdT-6Ob43qTTzDaaABeYhKAEdO5ntcY-rRaWAZcc65ODIZXCNsZDpMNgmhgow0hU4U5-3kV8ubA58jxhEv16S7bupqDWNWtORjEfWEOE-DW_kssd40Dyk5COTzIJD7vAwPdhXGi3IrbzyeJ4WajvuPFcFJGEQOLU-1g-zQ==&xkcb=SoCg-_M3JoRdKRyCQB0IbzkdCdPP&p=3&fvj=0&vjs=3
Full Stack .NET Developer,MultiPlan Inc.,Remote,"$120,000 - $130,000 a year",https://www.indeed.com/rc/clk?jk=28afc0d8a763ceaa&fccid=67346e7cd00890bf&vjs=3
React Native Full Stack Developer,"ClipIt, Inc.","Carlsbad, CA","$90,000 - $115,000 a year",https://www.indeed.com/company/F45-Carlsbad-Village/jobs/Full-Stack-Developer-711d6bc536646369?fccid=5cedfc58dc946280&vjs=3
Full Stack Developer,ThinkIQ,"Remote in Aliso Viejo, CA","$135,000 - $152,000 a year",https://www.indeed.com/rc/clk?jk=8dc5be823b5d108e&fccid=b0409111c32d55f7&vjs=3
Cloud Full Stack Engineer,Hewlett Packard Enterprise,"San Jose, CA 95002 
(North San Jose area)","$113,000 - $259,500 a year",https://www.indeed.com/rc/clk?jk=ce8957bbd892e6c3&fccid=216eb700022de6f6&vjs=3
Software Engineer II -Syntex,Microsoft,"Redmond, WA 98052 
(Overlake area)","$94,300 - $182,600 a year",https://www.indeed.com/rc/clk?jk=61e296a0b104e7ef&fccid=734cb5a01ee60f80&vjs=3
Full Stack Developer,"Voluware, Inc.","Huntington Beach, CA 92649","From $90,000 a year",https://www.indeed.com/pagead/clk?mo=r&ad=-6NYlbfkN0DtCrx9AKFIZEAJF_5iJn-g0I9gc-qK2XIBxn7teEO27nLl-ntmZieXMqLNYWcaE34LLMMMd1jaRNiINvIVxVOoYkYJ8ijcVcZMGaKjJ2JheuvwZXqEoBORmJMRgH3hwqG2xZ1Qt4z5I8d1xBXUQcVpcGYu9FgOmDb_Dmkx96GkpFh6VTgzwkR0ndGflOBUoVRLbNbAsFiW0-4ICXJbSVhNirEZTrjAPWsj8iPl0vg6u4mO9Zbi76T8rnnGZxht_EGb0R4P0DsWCu_d-Mwm10VeNJB7H9Y1mSugcTUQTOoASYg0c4Bjen8t3xGYZUAqXJ625pKKYe-ZlWoX4s2Moqqn4OmA6ny9uqtJwFKl90hk8t6DEKBPVXfOYZuLRR5tg29i0qzAMYifqx6m070_dVMWUWdCxHw5RWfYr7jtyADt7Nu5D45Nrk8__X_z_sYZy7hxdVyJCLJ8ZyZlDm_IP2Z68-K2gcFLzIOdNUOHPTniXz7w_rZvDrcFYJBUEVtNN1ctBeQg-DjSM1Gi6fQzYy9wkKa7_AhEjKx8oRK694NuARO3yHPCgPOuuQ3jDA5jh465qMw6e2swu0eL9Gfptj697wgEmlr43xFMPcajHaTWhA==&xkcb=SoBq-_M3JoRcazxj4J0PbzkdCdPP&p=0&fvj=1&vjs=3
Full Stack Engineer,Blockfills,"Chicago, IL","$110,000 - $180,000 a year",https://www.indeed.com/pagead/clk?mo=r&ad=-6NYlbfkN0DNA3H_icEV7s5SI6QPqK1HlQ_9OSJ48yiwlWiJ8w5OsxW8d3qKgzmiPsMDX_8t13DzCNPSUBHP08yb38KlIT6G8PbzdvgIZlk2jXAqgKzqETP2Q7aRS3egJ5Faz3ebAqEWzRGdvxnPSKDRL94oZGi4klwn47GGAij5rQUt6mSimKikMJmtF5azvc0gS-HCMvGoJUlVCaczVf6w8XOS-4vG3bh9AP00QdgnuBVrwkbcTWU23bR-SE2CVf7ieMNl_P1o8rb88wZ-9wpxxEXVIBIsVP2195VEcnC9T0RFpS5uWWk_zvziwNtqJtSfEzse8SP2fWnMYbmFd1nHum_QdnaYIaZ8o6oMubycLLp60KJ68FSVnOyypL8DquvgoN1H1A2mSz-ItovnsGu2PF9MPjsHiuRMwh-LpNkID6gMd0AIU3bRnHNjuOqR3XXdtlJEX0NxCCZgo-_HTEwHRKYZ7PZfeKLAHEtfBxLhEiCqGTjYmkKjgqsjcBnSZGOhhSeObkaOxt9HwJ2HDksDAs9dMaHIVDIlbOjSRiezU6wlCApbj86JLV7U-58l0cPtrr3EDIh7lXs5mQaz96dppxtkH_QZ&xkcb=SoBD-_M3JoRcazxj4J0NbzkdCdPP&p=1&fvj=1&vjs=3
React Full Stack Developer (Node.js / MariaDB),"Tentek, Inc.","Hybrid remote in Long Beach, CA 90801","$125,000 - $155,000 a year",https://www.indeed.com/pagead/clk?mo=r&ad=-6NYlbfkN0CjFA1lmdy0wJ1Qe9I-InJ7XKY3GJWrv4Ih_xPgAckHyoKJcbyfET3OPmW7VflaqH9p-o0TBF3y5guPBWk_-637yCfQ4cw9nLMf-okfF33CqVk5tC8OacF_JpxjjdBeen_3k9MW45aVUSs8Ryu0XgDYpo2ibE-U36UILWM21pun6FPmbr4UElGdVIUc2GeMIxgFbEGmi9gz29zRURvAxothJk3RkJjVm_W0rZq95Zf5CEiq_f1JY40YY2txtp2o6zHpYKSElFrxpVnIfeYLyOnPYn2_wC-TnqXa5hHPGB8LsUS3NhbcKIMa5uwga3MkJ2LAic0b5ywS4q5F-BRDF9exJHLvy0Lmvp44cvGPWwVDBEmgYTaw8MDVMQvX4TdXXprE_myXFV-_qircnElEuY7pHwc4T80ppjG6BH-YVUWMiaopkH8V9z__2KB9Cjc3HiOGpist-lq9xauovX-cIlDJEb678sGxl8d522nvR9Z5W_jXAa_bDhzRLuSURQbbYj_8ydwp-Pe4qIoavNNKqxQG1gT97oIt6KJcFqlByl5sSzY-1L6ocOryt64DTRaWOaPrjIoSOWCt3h1B6-bUjgNRfKOlHOY45pXD4etyU8DmMGlj8oBaGH_fRj4dI8uN8llr71OqzOQugg==&xkcb=SoD3-_M3JoRcazxj4J0MbzkdCdPP&p=2&fvj=1&vjs=3
REMOTE Sr. Modern Java Software Developer / Full Stack,Peraton,Remote in United States,"$112,000 - $179,000 a year",https://www.indeed.com/pagead/clk?mo=r&ad=-6NYlbfkN0BWrJOJIc9CpN6yMpv0V0AydpTkzwx7H4nhH8WAx3qz9DFPmyzxY6nkFs2NPrIYzV9U3hcwjKaVA52AuRXNib4xZQKicJjQyY80CldLGIVvayTb1qWXVRvypxqbIaaXV6cfOZok02Mez__c-uIAzKAdN_0CCiQxBuaPi59p-_IBvVmPy7misqngJcW__5AKbBksJC-J_Rjgc-IMqCP2nZA1oyOAq1-D-sGSbxdR_4DrswPwrGEij-cm2F01OqXkpzk3MgAEVJv7qtp_O5L0J6aWn393kjg3ZuOh7gB24626sBiK4lfvk5EGmYauR-4MgKo0xm2nKX6uu161k3K6H7QToNqBNEkXlkGFO0-g6GcPXbx_oH-sDslP1X-XwaALPq23-KSZVLtLTCUnncHeOPFGyS77uUuCBWOv_rAZo-0UG9AOZjivsU2sn4re_BUvg_jrIUsCo0PqY1wmprmBirBt58978QX_c8S1V3i4tPSLxHvIhVLNDk6gj1ys7nuvMJV0KCxf-BZ9-cwysXj7CG75YH7EviND_CsGtQ-qLvIh1KnpBMcgUzmEgjRyE7XIasUHyHEK8K6NhTTNDyJ7If_d-3eaUZdgZvIgSIST7PoG-C9kdiVck11rzOM8nkhXeBuq9UgNbxgGVaxBk5RW_661UtMj8n9rWKmksJ157spjXSTaQOkqAcVfAtRaPcsrL8mSH_BKP_NtPOFCzC1z1Bg3WSgzj6G40UnfHJmSzrNlqNZTrkHucvMNlS_eITs3Ga8=&xkcb=SoCq-_M3JoRcazxj4J0CbzkdCdPP&p=3&fvj=0&vjs=3
6mo - Full-Stack Engineer - Hybrid,Roc Search,"Hybrid remote in Indianapolis, IN 46231",$60 - $70 an hour,https://www.indeed.com/pagead/clk?mo=r&ad=-6NYlbfkN0CMHfdvImXyhvk82aHanYmk_omNMXOkHedsHncAw9pogUOg-Xw6F2-w-tqbr6xiiSGpXsirGq6LjJJCF5r6T-KAmfmwJ7jXQOH0VjYa_Pd3ttLbc9vfGq7zAGiKtgALrxjLSoG1ILFn-ORgDry9m7yeV4zwmbu58lk5AFtfKSRbm0N_0Xy7vFVlhKuWIn68APvAfnXo9WqaIpY1kRCsAeZzmzIJpjHPCodn-crGbLo8-5Zc3i3D3RMwZnB1fiNaZ8stq3RTGtVgrwBFTYH_gB8LHVH9vYSmMrwhIVWWqfhiX8zIjqRa5QG-EkbZrqH6ruwFA2HXrBJayl-utClkUR7HTvZ_3RMWeOWvh2gLbWmoXi-JbcM9dE19KHCRrAdJy8geos-gdGaE7xJOP0SKUzQ8oSTfmAB-QkYLoaw0irOdXxfMMgJ8Fb7jMhJLvsjbvCPuLzyrHDBbGw1n5jZZZUmGOxvwzmpXay27WT9KNZiUrHhXTY2HbYYmc6U7i22Kc8hh_at-RaZAXtPUbhE7rUG1NKRASVGUSVcFeQwE2py0gLWVBXtjfMKeONANmfUJl4Eu-jG6XN7GRkFQ6xv7KK8vxsMRS3DEUvHOKCQlZ5M0lCD5K_2tmgARvsUFJvG4HGQ=&xkcb=SoA3-_M3JoRcazxj4J0BbzkdCdPP&p=4&fvj=1&vjs=3
Mobile Application Developer,Barnes & Noble,"Remote in Schenectady, NY 12345","$105,000 - $115,000 a year",https://www.indeed.com/pagead/clk?mo=r&ad=-6NYlbfkN0BTGlf9l1TW_5DkIhj-9VcTeTfeQWKelijuma6Iy6u_pPL5Fa8PH8vSW2vhwi6diWYRgJxyZBh5KBSGHXgEIQMMcVz9z_poEBoYzlwHsDUO-FIHBdPCc0ylvRTpMBjPN-VleEQjkuCaq75tJl9PjhgU6Ulj4cnjYmzAbMcMVtdQDInI2HmseuFJ0gwBMhg_Y5sY2qJpheSywHRz4dnifv_KPUBLlJvcLcBlrQ-I0JY3mSQLNox2nRlRkibA2bsJHyl-PBUsUlxeLGwcEGIrRX9jYXkNL3lY1bWgAfiIba8q2p8cFqPmmNKYx6yyqqRWYrd05Ac93Yb-L_FDErUhWv6zwIxVNYipHdVRxIRuZBAIuNMqmZeD35R5-z0p2WhjXXILdRzyBEKleFTNSBKHHzmX6T0roXeftXLX9XM4wRAoonNky2IuWbUDULNJ3B-Q6KTSh_YkoQifAMfnMhrhgCnQAjRS49FIoJF2lIsImHlWbU3FTLahaUIsuxIhEhRaoOoovZ1QHcKviHu1P0p1fgERYT-qZ019lqUjKcSaE8G_GtWkaskOzsbKqxBqsXtU1u6Abdh5LzzLDxgeqtaU0OIXwDdVPtcaB7rI1tG2U1w3mp9psWNoSObQdsspgbw5I2ng6Wy8FyNML03nc9VvweuAicxDJDZzFt0=&xkcb=SoAN-_M3JoRcazxj4J0HbzkdCdPP&p=5&fvj=0&vjs=3
Sr Data Engineer - NLP,Peraton,"Huntsville, AL 35808","$112,000 - $179,000 a year",https://www.indeed.com/pagead/clk?mo=r&ad=-6NYlbfkN0BWrJOJIc9CpN6yMpv0V0AydpTkzwx7H4nhH8WAx3qz9DFPmyzxY6nkFs2NPrIYzV-k4DGG9BsZ5Ljuzd8vKVw4d-F3q-0-KUq46nZbycFlGpo72_BP99EZIWVs-blbWOq89reB8PBPyDq6rI0udFe3Lq8O6ykVf1vg8wSRQynXHXUQXBxTVxvu6RlH7UVvbUOOtJbDlo1PQJkwz3oBSAL3jArebxp8uGNDW_QcWGxhj8MSVveWvb_qx3PR9coD5xdNDjA8EaQr4YCbxom_m0HutadyuQN5l4zRLqnWtgEGDkCJcRUmOrzHICjKXzIEJhYbWkAgX8SZ_I0uzUbZ1zoz6TVBVUuT2JTGr4aN2vmwhGRjVrleAT3sye4eGzGkLlcRMjNvMELX8g_hQTcOH_a6ApS2Ddle8ffq-dGjvl35Pse7CA6_jDmDnkq0lafYeeKkzbUA4Y2M0ggIKEt3NOwrrgCtYckVSYrm1q3QmDNkPVZ68QMU7KypKTcYqDencYgipeH9G7XzvmYkTcgAKcgdFxXOx68qd2iFoOZIuVFpFhVJJXbEpyvSCmjkuBaH63tkcErdhTV4TU--IYnEnpW8rFXg1R7_gVmSvfs-2fSbJw-YULRwKa2_Gh0p1zCc4UPV1p3PVNUS_iWsl4F3V3nCl23YgUh2fUmHsbyrx_VOurnHghc6coVS3WLaepUAzVYuZ60aRA9ATtVVoLH1dHHbz9WjwZisVq46NcHL11SiTIty4daSJjXi5b-dvivlQwmEKG9XXvKZ5cZetl7aXjkj95aQTBOSws8xurbE1NArvzMaEr8_IPCe3yAIUZKcZk_vsPDgY_8pRNBoaEncUvVr4OXc_RAJvcheniDsHNZqBOHpbmhrrOANkaknbA8HwdpCamI0HIabPA2WD5BZF6BL1DsFw7FN5mr0mUadAb0GneDHbNHV00im&xkcb=SoC5-_M3JoRcazxj4J0GbzkdCdPP&p=6&fvj=0&vjs=3
"Snr. Software Engineer, Full-Stack",Doowii,Remote,"$150,000 - $190,000 a year",https://www.indeed.com/rc/clk?jk=9f01062a0b0e3e84&fccid=dd616958bd9ddc12&vjs=3
Senior Full Stack QA Automation Engineer,AT&T,"Bothell, WA","$128,600 - $215,800 a year",https://www.indeed.com/rc/clk?jk=267fd1fdce7b098e&fccid=25b5166547bbf543&vjs=3
Full Stack Developer,Freddie Mac,"McLean, VA 22102","$122,000 - $182,000 a year",https://www.indeed.com/rc/clk?jk=e0247b8e0ebc35ef&fccid=6c9562e858513298&vjs=3
Founding Full-Stack Engineer,Atomic,"Remote in San Francisco Bay Area, CA","$160,000 - $200,000 a year",https://www.indeed.com/rc/clk?jk=6cda1d6ef228322f&fccid=29ce24cf04b05f6f&vjs=3
Senior Software Engineer (Contractor),"ATR International, Inc.","Hybrid remote in Summit, NJ 07901",$63 - $68 an hour,https://www.indeed.com/pagead/clk?mo=r&ad=-6NYlbfkN0BfNYU94KzJuWtLrCRU4sQ8b6XPKhdAMrb_eI6vBPAcxJrFysygXHv7stKnHmfMxVYZb-TsY4-gX0WKk3NMS8j_9w5Di0V5HNVMxx_C40TNyLuBd0AdggtbFk_ck0F2gvEE2qEp61-YHyRugGQ1oGDSljrMdE1hLMt2xstdRvjTlO6Zm4iFjbaMLeCnSNsxx314AC50YtgSB6C2plbr0WDuihId___VxRZ8Sb4SUjG9AZFBVBl8UcFaYJ1z3tR80lTA1yvRF3jrlCPmALzoBHhdn_9s85PhxIXay6YT5CdJhzF8oanNcCOGzmEfOhOh-ubWQcdkiolwD-Tmlbt2negfRpVqVENrF7g0UCnpfqIYMmpOA1qa30kK0AkknNZJF-Ny9GA-TG7RbguQ3vngErHYg21CJtFeRmFQszjNLmDewCxFZTTI71IojgdKxG2J5TYR_hnxc-TXErllNehC7XBGQxn3Ggu-pyw7W1_aHIXt5-lSPS5HjwMVeoslC1VI1vibty1uEO6nr9LB1Kj6S_odLdwMN5syNIrvo5C5IxfOeK3Pp2pimTjDI9QrFYa7bnhhp8-HmjXYyRZbrjaCvBpD2jvd0eNtaYtN8fSKxtBzOIK3gspQZHLpsAqjbIj7Oq8=&xkcb=SoBR-_M3JoRcazxj4J0qbzkdCdPP&p=13&fvj=1&vjs=3
Full Stack Web Developer,Altus Engineering,"Remote in Baltimore, MD","$80,000 - $140,000 a year",https://www.indeed.com/pagead/clk?mo=r&ad=-6NYlbfkN0AortvpW3vTTg3IlRoAHJlhxWxmL2tW0W3d3MUvqLRhPaCuUoct06Jq1R86V20XLarGIjPeS6si5EKTMYIS7O9f0bAD0dOj4X-f-txsokz251EFIc3Z8leIH2LuBnWRFxkkaIMFScOXazsa5DvjdrrNp8FgfefkMfPI_PrVfgFNvt1jussxQcxFfKrg2zX6ApCv92dUMmv6NN1CaTwab1tMcdQIv7AK14QtqjgHxWEbxUrB-ObFXC7F-oH_EkDdvstRZCfh9yb_mMOXz6vRuepOhW-qqNRvRi75Ts3YZGxApWYdhX9pc3Guk9SrcAUFvfN222hgF-UMy-H7l3_zCCo_zZmN-qH9AkOGCYVUdJYTNZp28ZIkzygUFO9yIeRBS2-0HRN0v6qq9p7FQiepX272xihmppdjyGOhU96nUf_owYOoF3DHNqbd1pLlrJxnAF6XFKMKOvP1bPlsjxUS8GNNED70sCsEiM71gU_pLPFLOpdpaczrUPOJ_5URJKo1QsxQaUKwWtkXMZ--z0SBHTtLUPDpN9JJ_1gTpAkBsGH7C31VEboVB_vPq9tXvXcETRJHHKMEycxYHNK9b2SchexYv_KGqHjtFYR_lvaTUWCcRPuzfpBvjpzL&xkcb=SoDc-_M3JoRbq0y-BJ0LbzkdCdPP&p=0&fvj=1&vjs=3
Full Stack Developer- Remote,La Jolla Logic,"Remote in San Diego, CA 92101","$100,000 - $130,000 a year",https://www.indeed.com/rc/clk?jk=b1370090c27a8cd7&fccid=14a9cb182a8b56b2&vjs=3
Full Stack .NET Developer,BerkOne,Remote in Kentucky,"$67,000 - $75,000 a year",https://www.indeed.com/rc/clk?jk=7d2bcc490b0c1add&fccid=edc11cf2940ad0a0&vjs=3
Full Stack Developer,ISAT Total Support,"La Mirada, CA","$80,000 - $120,000 a year",https://www.indeed.com/company/ISAT-Seismic-Bracing/jobs/Full-Stack-Developer-099ef0798583130a?fccid=c6d54877fb94ecc7&vjs=3
Full-Stack Engineer,CVS Health,"Hartford, CT 06160 
(Asylum Hill area)","$73,500 - $150,000 a year",https://www.indeed.com/rc/clk?jk=862dd06fcf724d33&fccid=be3b11aa573faee7&vjs=3
Java Full Stack Developer,NS Global Corporation,"Springfield, OH 45505","$150,000 - $200,000 a year",https://www.indeed.com/company/NS-Global-Corporation/jobs/Full-Stack-Developer-1d7edb6792a4a3a5?fccid=914a9eccd5950218&vjs=3
Sr. Full-Stack Development Lead w/ Java and Excel Plug In v1.0,CloudTara Technologies Inc.,Remote,$85 - $95 an hour,https://www.indeed.com/company/CloudTara-Technologies-Inc./jobs/Full-Stack-Developer-5f08f3a2010e24c8?fccid=4d371e0a9efe1d37&vjs=3
Java Full Stack Developer (ATL)- W2 ONLY,Matlen Silver,"Atlanta, GA",$60 - $75 an hour,https://www.indeed.com/pagead/clk?mo=r&ad=-6NYlbfkN0ADTliTSg4K3aDxe8vkHVVj5ml6bx8ND6Ab8oliGx3AtQak9O875La2bFZ7Jqdg5u333xz3Ug49wLa3RU04pvdG_-aX6254TiQOdawqcw7iMhf-XJb5XriEnT9Y660GAGAkY3fcv8Fz2Pv9HItpUpSyNLVkwD3Bx71yKRP4837xdwdOW10Z4LSe0CnrSWFsFL-_R0gnFn_ArQP2_X1NA5D_XLzOqTRCVK8jFF7JQrkLtHC24g5A2pbVCqp_4Fptki32k8caMJuku34W5w3R8D5mUEdW4020iIbPF-545Jpo5jZ0BpImL-aauqhZ1OxZdmeAiZYgBdxGDPwblJXTAUEtE9xU9UfLIWbu4BsqIUwCbogDm99LOIQWKzptusTM8sXTTSb03stjFuxrUMAW3lFwW83v0bBRqVcFJCpJgYIvcEd7nB4_3CKHZ7hqAUhKwTz8p0z01aUl5m2gXMJ8iWksPRQM27n-Ju3xnfCoBdk6d5jCgH7gDo3XrzsFqyuSd46CxmXbEYPlCBj1EFDgv0nHOlXRcraM6iAGdhji3j446VzO7UNVvWLmd52FWtnbk6uVXcDqZkyB0-In08HY_Pzk&xkcb=SoCB-_M3JoRbq0y-BJ0FbzkdCdPP&p=14&fvj=0&vjs=3
Senior Full Stack Developer(Java/Vue),Strategic Employment,Remote,"$140,000 - $180,000 a year",https://www.indeed.com/pagead/clk?mo=r&ad=-6NYlbfkN0AKWvSE4sqLrvmChH3oy7SyLhGz62xmrQXLRHvtrs5R_Y69W66yYKFVmA8e7QaSssIb_4JjzfoLeYHcuFn0VCPAsdqk-0C4G-BaltawGELUcu2uXBjXHlf_fJmP868W_KqkgBZ79XvytPzndJXgNuQvLi7evrZ12zpEwQ_eWx7jSKQvLaard5O-ETT6vqPbESrwd3tXMZQZ7E1wl5vRh-RMQEM8GG8c_ZKux3y-3dv8wPbPsDGRbI9FzYNWiefRG-4wSurFNJ2iUWNKi7g1qxmORwXjvCIjLV7J1FtnrrulVIRQ7ZtS3b4kTlYisZubRoCL2slopQ2m9RlPNSmZYipkTmpjnliezXs6YQjHZuYntYNuWF690QziZcAwOLJSjC7j6pUMrmsCQagDMAXc_7qEcax55azpalNpGvFcvURWWJLDjkLraMYj7Lb7axSkF4WpCGRYwBpeebqeYn0jy3ywSI_yGTv9yQC17a0CQTuhVTQaCoGD2F_vNLFd6EM08AkxXkdVhExi_EGT3AvOw1IyUKCF2feEBxMxkd9keDtb2p7GF2OiTa7AGAJBdGrq-jSy46XUeze9VBxEtOckh6vvd2GlqEJce4IcRGo1Cy6P-HEcY4JnHwAMrSBY_d8cJSSrY2vgK0luAoauKdxXVYxAFRhLCqjHsxX2T_izeRyN-g==&xkcb=SoBs-_M3JoRa9Oy-BJ0LbzkdCdPP&p=0&fvj=0&vjs=3
Sr. Full Stack .NET Developer (100% Remote/US Only),Keona Health,Remote,"$130,000 a year",https://www.indeed.com/company/Keona-Health/jobs/Full-Stack-Developer-c31b7f818db47727?fccid=3af90a9e3c681e88&vjs=3
Full Stack Developer,VITSINCO GLOBAL CONSULTING PVT LTD,Remote,"Up to $125,000 a year",https://www.indeed.com/company/VITSINCO-GLOBAL-CONSULTING-PVT-LTD/jobs/Full-Stack-Developer-edb34b7b603b5896?fccid=7cd638082ec48baa&vjs=3
Full-Stack Engineer,Credo,Remote,"$180,000 - $200,000 a year",https://www.indeed.com/rc/clk?jk=c7fa36a9792d3cfc&fccid=a62d29d28f0eadc6&vjs=3
Full Stack Developer,174 Power Global,"Houston, TX","$75,000 - $150,000 a year",https://www.indeed.com/rc/clk?jk=e6ee247322fe65a8&fccid=0d129ac97bcd9f97&vjs=3
Full Stack Web Developer,University of Oregon,"Eugene, OR","$57,108 - $105,984 a year",https://www.indeed.com/rc/clk?jk=1c7f90edde0838a3&fccid=3aa6e2f79750bfc5&vjs=3
Senior Software Engineer (Contractor),"ATR International, Inc.","Hybrid remote in Summit, NJ 07901",$63 - $68 an hour,https://www.indeed.com/pagead/clk?mo=r&ad=-6NYlbfkN0BfNYU94KzJuWtLrCRU4sQ8b6XPKhdAMrb_eI6vBPAcxJrFysygXHv7stKnHmfMxVYZb-TsY4-gX0WKk3NMS8j_9w5Di0V5HNVMxx_C40TNyLuBd0AdggtbFk_ck0F2gvEE2qEp61-YHyRugGQ1oGDSljrMdE1hLMt2xstdRvjTlO6Zm4iFjbaMF09BwmnKSGXYp5A5wX3_tVum6HOjv4sM0l444Bx6JjbgKrj3LSpQHoAosTtP-72RZk6dowrtGrnyogJIuBmFnlxW0zrUu1xgcsFPK3fQ8pu0k_whrv3o8aSST2oeyK_QqCHw0oq2kOxZF97lJlpENvUtwSThDLAPT1fJneKYWMzUvporeLbXgYJEGL1XpzmTOlEwjipWdjnj0vaC0jXxFX_8fBCOGL7grUA-Q-2U8tXh-7M-LDKI3GDdzeSIJsxy1cWv0SpHtJPXT5UY8Z0aSZ8NKXghpXUQ30bZ_EhjCTsum-Kep-1j7dSCxyPLngqcTh_mZ2Tpjp9zA6icKsd2YHKK2sWcItcVvKtJ5hLwuPQn7Lx2PceSba9P2aD0Bk-ufmNFmaotHOLl4t-2rmiifv-2Rt32kIasWPRFo2_5avk8jE8tjJCNtkcCIVH1VU-_iiiDk9VM8CE=&xkcb=SoAx-_M3JoRa9Oy-BJ0FbzkdCdPP&p=14&fvj=1&vjs=3
Sr. Applications Developer,HomeXpress Mortgage Corp,"Santa Ana, CA","$135,000 - $165,000 a year",https://www.indeed.com/pagead/clk?mo=r&ad=-6NYlbfkN0BvB7iSwrllxIbYA7bg77zwmaB5oUHrL068n0CQ4s-NYFyPpVNLJiVtzxI6eTJhPKmMQPyvdUe-2YpERpqCXWyJjvWUCPSKpsNfN4zrHD-MSHVQEIeJqBV8TVhGLDXCR-a2oynWVbbxEzcOtW8CHK-XbI_osT74HqB5s6i-2WGtQUXVfTRrsXQikYaTlHv4-a8Zh7MWBYoKbFRNClxMsLY8rInic5OvGGHPinDP9bNXPCsMyP1iCrdW7FpemZgvIRngS0iSoyqkujUzT7ArwEnRoPJ9HFpsj0q7l4Qh-hZ4NAPkHyH3M9qBZZWh1kHsCmrQXyRSt5kvRC6qt-EzCBM9cApsw0X5QG2_5RRc2Qy1nai1ZJ8DvFAeYn_kZ9YFBhwhlJz4v1nsgvGIHhAc5QUJ-tzV3rG6pqkSXiqZRujnRBwlUjF_kTfpdhksgpqMdG8pEs11jZwv8CgqcddOrZ4nod2FIXnEq0iU-2goBlG4SLySEu47mniOcyxz81NmlYuH7Q7OUJ2eDM6pQM5LeNNqgaXVIQrkhLUO4Z0cmVitjBFc69DBV_JSSdq3vG5iz4E-Z3VpCvDs6XtCnjK5t_vt7RTeIBzVN-iIOCncgKPjXeLU1s-KCqJa&xkcb=SoCc-_M3JoRaNizs850JbzkdCdPP&p=0&fvj=1&vjs=3
Full Stack Engineer III,Storage360,Remote,"From $110,000 a year",https://www.indeed.com/rc/clk?jk=5f53a19cf796cd0c&fccid=d3228c0302b2ddaa&vjs=3
Full Stack Developer,Presbyterian Healthcare Services,"Remote in Albuquerque, NM 87113",Up to $44.49 an hour,https://www.indeed.com/pagead/clk?mo=r&ad=-6NYlbfkN0Dqy6yjUoJnVWMdwCtv4xKWw_iAl9PLMfmqWK1fh3aXAm4cXvGWSTf9yZJXlv8a9xGvWdsz981wLB_7GT8rIKmCa0qA3WClqtItj66xcIxFb7XUWUY43mHHBOcR3oVvtVODpi9KXvbp5dK2hc0cWXcuK_VBWPCwy6kXDYI2eaMma4ellPFa0HwyP5w0Y0MEOPg8eMez-11h4dC_QKynXmNpCVaFPF_4f7Cjr9YDU9astuuQMJNsQtNA1H_JUJr8DEu0w1ku3DaK0J8VobCw1fPAlKsGcsrwLpm_uXvnoKX6BO68vi30ED9kU31oxqNMBR5cGDQQlunxMccqdw8ptNBS7W5wwzD4wLWOmAbZu-dFfrWa1UbfTybOBR00VkaO_c-p19GcGvBst-NYFPeP7fD8-oxid7oc6s5MrITJ8t8_Lvy_x5ht2gNpG3oEohPEzvGcodFKBnZlJzdaoyUCmpKpWxew0i4cKc2bULqV5nskgHPFWteFIhvP0sYb9Ias3oM_K-vWxOdTmDaF0rnSQvOJvOV0q5zTh-Zih7lfF7_0TDlwbMhBTLIZ9or9f1dX4G9gLP8k1d2ldLn8a1_6dCPVUIqaYJq5eXmhEzDXYuU4N9sDeLBLj00g-m39yyKGI2HSBiNPePoT-s0WtBtqRIkwdqOzdQl1SkzrU5oBwxvk4p-GwcfvSg8M5AlZ2mvWG29su-EAsRRk2er8GDIR-7xr6bjtBT1APdPWJQRu__kMekPrGRWIfARQ-mCPtpGuh1d3pc_W_OPSMKhwENXPEYZ2wARlUt6QrBcu4R__hSVEDQvbp9oNWoMjU7NFe8_VErFbdDWyCoP0nVFn3_ckk2LAW5AgbeG9d6_u5rtJFopva2TCaCxyezJvEyOWoEcJ8ZfJcJl_633nDxD76WNA-GdxLZQwRhB2_l6rwis3jv2cjU-109isHL-8p59V55RT0RKe9ncEhS2AcTKflbUtXZ_TUd4P2lZOXBuvAk6IiYPMAQ==&xkcb=SoCm-_M3JoRaNizs850PbzkdCdPP&p=2&fvj=0&vjs=3
Full stack CyberSecurity Software Developer,Novacoast Staffing Services,Remote,$55 - $65 an hour,https://www.indeed.com/pagead/clk?mo=r&ad=-6NYlbfkN0BjtMmumZExjFGZu2kX4LmoC0ZWK4i5eSAkFO-E1hYx7SCTeHyYoVKvM2sc8HF0nz5gSpx5UQUGzkY1wx09RZEv0GiTzBn_L3rkoNnf3dFwBdl3kAvN4_leisNVmPjURjhalMmxQbCVAYcnD7IQ08IHFU_UyJArXgse8tbFsWN2oBbpr8ZeD0mrLnACUGd3G9zG8Q7chOUUfMSFoVJq2WZFcQWPRpeuUEQmhTuqfyaFiBttQ5cCc9UwVOAPyY7parFanSHmlqsNjS10nRDQHBdXdmj8niZY93bZ6KIpNb2Hql5pfRSxv2N6FfAS-H8gll148KmznD_M5MleNUXsGW-QILu5CdRtuwOmh1m8eyfIMZaHl2GwBSYbVaSlk2IuUnpkG5cnIpuaOiR6DZG-PWrLA9dMbS4ntKq05ohCNAqAhikot6ou6Zi8R5JefELY22ZJoHmqxib4UayM7O2rT4J2pD9HDlLSsQ8OBZD1uX-INE9GaBuMp37FsDgW88IHEWv7NJdR8aQMeFkyJztK8VfBVLPzOdCXWzX2AYl6HF8Sz_yAL56HKitMdXxooM7Q90S2FttFDwNE3xideSOrPaj4vvWje9VEyeZIry-IEUhoamdl6O2wDvvTC_dVV0EGflYmPbtenjVWuA==&xkcb=SoAS-_M3JoRaNizs850ObzkdCdPP&p=3&fvj=1&vjs=3
6mo - Full-Stack Engineer - Hybrid,Roc Search,"Hybrid remote in Indianapolis, IN 46231",$60 - $70 an hour,https://www.indeed.com/pagead/clk?mo=r&ad=-6NYlbfkN0CMHfdvImXyhvk82aHanYmk_omNMXOkHedsHncAw9pogUOg-Xw6F2-w-tqbr6xiiSGpXsirGq6LjJJCF5r6T-KAmfmwJ7jXQOH0VjYa_Pd3ttLbc9vfGq7zAGiKtgALrxjLSoG1ILFn-ORgDry9m7yeV4zwmbu58lk5AFtfKSRbm0N_0Xy7vFVlWLNvHz_q2wUzKGwQSuEUlvSZ6qh4O0Z2b60whQZxgHjC20cS8le_TnQRneA8MSCDNS3BLcKHjiwkFZDfsyM27J8NS-cBZlCr1pM4OgMABsVviR8hJOkIizcEDTeSSm6CGzB6pWRMGEMSAHk4V09P2laKpX1ZHOP6MjSggGMg65oz00XFUJSGFt5a6B7anOZInvDlCK-G8-OekpIu4gHJcLwac_K5gyfLQ1b7p8ww9jR7KdTOx_A2rH2_DnqzC6L7jw3UvNzcMIhrlkfdzBR7eWtaqEbhjuujXbBmZ0l8cVjiJFjCQbecB32r7yAUThsKiYalHxAsnd9Eod15satjKF8kq38sIvqwgBgsRwFJpEPtK35bcfaNTjH3dC1GIK6iLmTEBwXTBc1vxi1E7uAvabVqf8j09c0ZO-PS6W-x8t0JbEBx_ri0X3ZSZrOmu7VddJn_fBhHZtA=&xkcb=SoCP-_M3JoRaNizs850NbzkdCdPP&p=4&fvj=1&vjs=3
Full Stack TypeScript Developer (React/Node/AWS),Michael Page,"Chicago, IL","$140,000 - $170,000 a year",https://www.indeed.com/pagead/clk?mo=r&ad=-6NYlbfkN0BR3ykMnr3Vw97HK5IC0i9Uo32NXohanwqRY-CI8z69brm3BnZpGkMpHGI7ZEEMUba-6oYneRoWZS0l0KCXNvnW91WzMxgz2Ah8yEx3sHVZGF1NK3YXRi-DcfQZdqdaIMmbAkdU2SJOWnMESpIQQEefpM9z5ctiV4QITBCvztcYKy5GM7bskJZNt80mW9smF4bgtBsnLrt2JSCC2rCUbkljwVR-13Kbhw69VyzSbQYcVZS8mLnbV3jRm4aM2A3_zQWdsgKaTTE4h0NQj72qnDzYUTnJF_JGcsPaSI07AbgpQMV7vJT-pF6snO6GgmotNuDUdvE2QfKjbMbIeQVR5MXJ86sPtuohg45NabDfiJVAX3vSmOzyAqcZOto5-6SAppRyCZMyu4OL0bMKjrsuxmfSf1TKaEBJ4BFPJ8D4C6h_xfslhJceALvUzo6hrlwzdCE_Z1rXA_sBqRiwBCBO3qVLmz_fgC531_mt1GelXiWiyPdAaRS7I8UoZbdGr8TEJzVV1Z6YGs9njHzGMvF7g6qt8NiHhmVQ0GxapcIh8npk_s3PHW8DPzd2uc2apXaM0DanASWGchvKlbq_3XmO77IbQz8omcuACwB_a-IHzXxlVKdfxutpl4ngCn0M3JeANdo4Lo2YaosLixVZo-up0aDoL5FzlCT-8rI0_TGcmEJMyscyY5J6duCraNxD-Wx4di3tnX7wBMNj4jOQXvZ2PVfCdn-3oHCQ9rOzNr7lv_Fa3_dS96Ge-JX9jG-DssDUX089bXAItV-Roheo3JdujxFTvDkLji-TRVcVmEoIO4qm1JGrwLiguUQjybZsSazmd_a4dORXwnvS9qwWSD2klkc_-u8qG_IgpBYNle0lVZGqiXrOjLUYHEuKUSE2_i5rzHGcUdv1fNvsq94Zxjm6FgEQFNIhdG33z01zYZol8Z1JXWEvilo3Xm_6PZZk2SX2FqzKUzgqZ8xcbwQPyrUB6Z9HhO3BtF5ew5V015wgKSxZLhChjg3YN94bRl51UcCf-ZX-EjVaApAO_ROahNETlTdYdVRO9G_yYoYTtRgB7mw4sPCrkZx2S-FDtKxLJwtgrUmw4ofROI6fIFI5UDjt0fLD5lDGfV8k3Zxay59KV-cOjnFrOJh_zLhqSPDQUx6NJvvOf7yk4BrZqg==&xkcb=SoA7-_M3JoRaNizs850MbzkdCdPP&p=5&fvj=0&vjs=3
Full stack Angular Developer,firstPRO Inc.,"Tampa, FL","$90,000 - $115,000 a year",https://www.indeed.com/pagead/clk?mo=r&ad=-6NYlbfkN0CUiNPx3JJMftrniD84mdXKaxJ3iSjJgJAqzFniN-7X5oWsg7Sk6bi7FvHVnfL_Z6B2OfTXMa4kAifVzQz8nruixg_myEwCAysYEvtK2wjlptbKqnWoeY9_Zic4qO-Q5IJY16MFzU7PO8uYcYBGEV7Ruj7Kr8JIC_Er3-d0B9BM7na8c2RYervmc2d6DB3SS6xq9d4-i8ybcZlPmSfgDs_oiZX_xHHRYOCTuJNLCJKNn7b0xHClCwOz-Xb6-fUAboeqHaspJ58FnviDj16ygJnMiSZBPPENUImwwq14sCemn5pO6ThcU47XvBuvd1qXZdeyo3ZYaz_eDjLvmeV98WR5QC3oHVgB5_AulpDhxF1fqDehqxApShHKeOMFUz1yAegQyVEjOn-Qtznf-K7JECrkT_5DgmxjhAmh4sAsGHi-Ji93gHWrQfePyybRiGcXZAwgm2tSPkyBGgQMFds00Z0Dp1e0is5wmE8g9TFqy36fSQLq73rxL8al-2xgPqLt-MPZ4DBTNqNq_wkWZZIJSg3OmfSCsLAqaEn3H2ufLy8V30QUIUqW0wwe_5OvxQ_VG6l6RIoRyvebiKd_k16nHdpmjGDGokikrLOl402RjRnlzGzsHWOqtLZbk8z3MzOQ6cU=&xkcb=SoDS-_M3JoRaNizs850DbzkdCdPP&p=6&fvj=1&vjs=3
Web Developer (Full stack),Indiana University,"Bloomington, IN","$52,000 a year",https://www.indeed.com/rc/clk?jk=eee7eec1d68d61b8&fccid=8b8af8e5cb513470&vjs=3
Full Stack Developer,BCubed Engineering Corporation,"Hybrid remote in Warrenton, VA 20187","$100,000 - $200,000 a year",https://www.indeed.com/company/BCubed-Engineering-Corporation/jobs/Full-Stack-Developer-08ef3202634ea9be?fccid=ec0c36d78fa929af&vjs=3
Sr. Full Stack Software Engineer (Starlink),SpaceX,"Redmond, WA 
(SE Redmond area)","$160,000 - $220,000 a year",https://www.indeed.com/rc/clk?jk=ec292a9c422656eb&fccid=8bc01be85b97ce0d&vjs=3
Lead Developer Front End,JetBlue Airways Corporation,"Hybrid remote in Long Island City, NY 11101","$117,500 - $150,400 a year",https://www.indeed.com/rc/clk?jk=02d8fb77325792fd&fccid=7e918fc97541884f&vjs=3
Full Stack Web Developer,Altus Engineering,"Remote in Baltimore, MD","$80,000 - $140,000 a year",https://www.indeed.com/pagead/clk?mo=r&ad=-6NYlbfkN0AortvpW3vTTg3IlRoAHJlhxWxmL2tW0W3d3MUvqLRhPaCuUoct06Jq1R86V20XLarGIjPeS6si5EKTMYIS7O9f0bAD0dOj4X-f-txsokz251EFIc3Z8leIH2LuBnWRFxkkaIMFScOXazsa5DvjdrrNp8FgfefkMfPI_PrVfgFNvh8ORe16VTnhwhNSMHhMNKrk3GnU_iHfM8uaXJUfmFXGpM8bv2DMM9ckFwq7sQxl7-Jpw7kAPWHqzGJjtWwoerx__BQ4Lmtt_MMLdLdqX2HxWlC_libnrO0XkXrRu2iszUuEELWLKJ4HeQ8m-Blsl0dEOFiXFXHClV980cOe7t8StpgzeY93XFpoVnx2v7_MHOucmohN-jbygfBjnCCg7-lctIlCb864O3TlNLRvar5ipgGu_4AMi-9bcLjfyOotwSrtiMKzXYHHJiBAHZuFbSK8_MYifbrYlGoQtZZEJzls1C7E8w4ylij6ycbXM9QJxb00phTnDSmytOxbEQHFJwzlJ3a7JmzBhH4mCE2fCk7MT0o83de-x7oo4mmXCrTU5b6tuThgbtSUo7JWE56cMKbVJXwBedlh6nDSDgLkRczf7anzC7BWomK4jOzzQthRnOGCVGH21Vzh&xkcb=SoB7-_M3JoRaNizs850bbzkdCdPP&p=14&fvj=1&vjs=3
Senior Full Stack Developer(Java/Vue),Strategic Employment,Remote,"$140,000 - $180,000 a year",https://www.indeed.com/pagead/clk?mo=r&ad=-6NYlbfkN0AKWvSE4sqLrvmChH3oy7SyLhGz62xmrQXLRHvtrs5R_Y69W66yYKFVmA8e7QaSssIb_4JjzfoLeYHcuFn0VCPAsdqk-0C4G-BaltawGELUcu2uXBjXHlf_fJmP868W_KqkgBZ79XvytPzndJXgNuQvLi7evrZ12zpEwQ_eWx7jSKQvLaard5O-ETT6vqPbESrgqibS6-kj8HsWoaCMXZiSautm-jsUOVqFpduzCUDpTnsuKxDZ7m5ex4ImNWjSpW9supKMf8SPThmtIAwJ50xp4uZ10uFW-mM_03-GgRJf9CgGGXLY63r4T9Dtebh03yUF8Enz22UJOMGWrrt4mQKN3ajpTzDfzjnnTAnOIeMo-MSbs9kHvH1NXOAawxem8XHsroF50CkSTRyeS8ARmhbrop4s5ulnU4jftmRbgJwI32Mz9aBobMtJfChg_LwAQpgKck6co7EDsn_SkwXybNfdnZbGxwwyhjhRJRxRg-qtN4C721KciFFBeQXnbH3Sy7APDwB5_aYO3vOr_PtIWkK8Rjfc1ZLtvrFPyhSAPXZ-oC2Qup4f4g5lzTuaqYIW4pYjh3wYIVge3Dr1jiIpBSkULnv-GMjPeIoJUNrlha9EUnk6p7II_tXzmfYQYXb1Gekzmd-I5mDtw-kBCd16n_HrG5XNhyYHNvSX2fz0_j6d2w==&xkcb=SoAK-_M3JoRYi_Ts850LbzkdCdPP&p=0&fvj=0&vjs=3
AI Machine Learning Software Engineer,Hewlett Packard Enterprise,"Spring, TX 77389","$128,000 - $295,000 a year",https://www.indeed.com/rc/clk?jk=1138c4f16b33ea61&fccid=216eb700022de6f6&vjs=3
Staff Software Engineer (Fullstack) - Experimentation,Bill.com,"Hybrid remote in San Jose, CA","$167,300 - $200,700 a year",https://www.indeed.com/rc/clk?jk=f2cd615d5a1fafcc&fccid=7d28c1874e2d22be&vjs=3
Web Developer (Full Stack),CLO Virtual Fashion,"Los Angeles, CA","$65,000 - $90,000 a year",https://www.indeed.com/rc/clk?jk=8735f8a61e029067&fccid=dca5e8b8952213a9&vjs=3
Senior Full-Stack Developer (React + Go),SKIPP,Remote,"$4,000 - $6,000 a month",https://www.indeed.com/company/Skipp/jobs/Full-Stack-Developer-ea2514ee8b6c33ee?fccid=ff281a21433dfbe3&vjs=3
Software Quality Engineer,SpaceX,"Brownsville, TX","$120,000 - $145,000 a year",https://www.indeed.com/rc/clk?jk=37641701067aa4f4&fccid=8bc01be85b97ce0d&vjs=3
Java Full Stack Developer (ATL)- W2 ONLY,Matlen Silver,"Atlanta, GA",$60 - $75 an hour,https://www.indeed.com/pagead/clk?mo=r&ad=-6NYlbfkN0ADTliTSg4K3aDxe8vkHVVj5ml6bx8ND6Ab8oliGx3AtQak9O875La2bFZ7Jqdg5u333xz3Ug49wLa3RU04pvdG_-aX6254TiQOdawqcw7iMhf-XJb5XriEnT9Y660GAGAkY3fcv8Fz2Pv9HItpUpSyNLVkwD3Bx71yKRP4837xd5d7td4tTEdpeVnSwWmlkScMg1kGU8BnuZPFhlIilDIXA1VSVwpeXTsbegyiAzmEwwxt4AkWQt8TUcTmo_Mgz08H_uiN4DcbIt41kf3qUpfVTKqjILyyV9_N_wV-LTLEPiePacwrMxVJ7f2sdG5c7upqvtNyIumuLoBa6SFA22k1gpVMU4H2L7A-mGPzv65j3nWIyTKnsF6KisYzBCIyV1CFbwkCS4vKbeqexbxbtYvZmO0VqKeDcOTap0IeKc-Q2NiVbmRAsvxt0weIOzoyTL4ksWAjFBz1yE0oAHln1YZLFqq53YtR-cCGGx-Ut_nqmB0pH9oD47fe3RU5qvNgdtP6hrt9J3llUzc5ABZw6dCgr4DQtoANaryGZ0aFb5IvwH7jpmDTfjDUYrETlF6ZnMFJzKJLZVEYBA7K93LbVMsf&xkcb=SoBX-_M3JoRYi_Ts850FbzkdCdPP&p=14&fvj=0&vjs=3
React Full Stack Developer (Node.js / MariaDB),"Tentek, Inc.","Hybrid remote in Long Beach, CA 90801","$125,000 - $155,000 a year",https://www.indeed.com/pagead/clk?mo=r&ad=-6NYlbfkN0CjFA1lmdy0wJ1Qe9I-InJ7XKY3GJWrv4Ih_xPgAckHyoKJcbyfET3OPmW7VflaqH9p-o0TBF3y5guPBWk_-637yCfQ4cw9nLMf-okfF33CqVk5tC8OacF_JpxjjdBeen_3k9MW45aVUSs8Ryu0XgDYpo2ibE-U36UILWM21pun6FPmbr4UElGdVfub_Al3ClgrHmtabCytpiwaMz-XG5kQBSyG6HZbxIwSJYG-97aIrfjS0ixvNSHWpXLkEmKYOa8bLd7IMEuHPhGfBImrmvsMCR70aVRHigrrN_sqpxWvrm9kN6ZYP4bhuM_VkMUSz4jSONe74ThHwBMTaiNY4Uj4bo3ZR3EgPhby2NnTt5afKZ_QkJdBlyUFBAYT_CBSViPxH8lrxKijBJ9EroL5A_shkkZ5qT1OrnkSNt6FaM9MVicbpxufMVGqo4vAh7T3iSAcz7s_FBsp2m63vvEVWT72YY9UOfEyltmMDVqPkcltz_CvPj_Z6OOggltQYeSp7wzqf2j-F74oSw-cHgqOa9_L-KDq55VqTpecMnHmT9XoTlVXdkE1ZS9kqORdyybM7gfvmtLDHyJbqnmCsH33D5B1DaneDQu8DurqLcBC3TDhzKtWqXWsGIjPyGvwGRw0sB9vvL5dR0NCUA==&xkcb=SoAZ-_M3JoRX1Jy-BJ0LbzkdCdPP&p=0&fvj=1&vjs=3
Full Stack Developer,"Revolution Technologies, LLC","Ankeny, IA",$80 - $90 an hour,https://www.indeed.com/pagead/clk?mo=r&ad=-6NYlbfkN0C9s4D34T-t5Q_QrI0J88zVoRG4vEg0yQeuXb71JYkH4ZFF6nN3aXyD5yPaNz63F60flZLRuBkGZlTF5ounJabPBxEAyB1eLJJ1u_aBCjZbpyF4QQLXgxVhSeX5KYodnSaWcBJxoY6ZX-prMbZ0hgMLkhQecYJDjz_IG0n3yoS-k77MskZMhK8CDYrbF0Ra66A_QJsSgoK4-8a8BKXowB0AkZAa_FBunMnwEsVAKmFifqEQW72pQ_rQJOSLF8XnJh4nF99zUOq1LuOKbLPM7c1EM3Qk4gfI0bbqKfke6iD3Bfpb5eJ0JDsSCM-3THuOvnTqV69o8QKelI2o1HT100QkfYlWTUrIEjUG6SQOQx8H0us877X6L0XUErYd8IY1hblU2Xz3YEm9MW9sUGFX0fErGdsvwlrTTpTDU7yz0iFnvLsMTWHWonUlkRClGxaf8WK6Z6_SjxTYaiTWGuoE5Y67VDkzH4yj3sA84ZrzkbH7TuLUr7VIjCXxpR5x69NtVLbOkCd9pXKyAkDH7WWD_e7uAj0G-EGEwIN8Un_VbZWCRQHeyRjesTcVWhRMLmkUtvbeakeZ0sWzFk6lW28WBF9r9ZodFKR_IRvvdbsmxranz2g5D2mIiNs7&xkcb=SoCt-_M3JoRX1Jy-BJ0KbzkdCdPP&p=1&fvj=1&vjs=3
Full Stack TypeScript Developer (React/Node/AWS),Michael Page,"Chicago, IL","$140,000 - $170,000 a year",https://www.indeed.com/pagead/clk?mo=r&ad=-6NYlbfkN0BR3ykMnr3Vw97HK5IC0i9Uo32NXohanwqRY-CI8z69brm3BnZpGkMpHGI7ZEEMUba-6oYneRoWZS0l0KCXNvnW91WzMxgz2Ah8yEx3sHVZGF1NK3YXRi-DcfQZdqdaIMmbAkdU2SJOWnMESpIQQEefpM9z5ctiV4QRuwtlxs7AwHRiiz1RIYggO8RHktrxPmLX4eCUiqMC8goKypKyEtNnjshAO4XeRSLyV0AujKPbcPyzFBu8O_PKJiJp9C8phswvZeo2VsnqzyN1I_PFjU3cEQud100RLIJJeyritZ_V3F3fxaNt_zmy2xK4Sq-V3atFZGMaZTpDJGWEdtmp_Or2c3H-VW-Ca5zBXoHAdW34RyfG8YMPjzPUgWiV9sZU5KIfgB8f41oM2sn8twgyOW-2pKhaMhHCfRtCbo_w2x5n0K1IygnP3c6EH5lmg7q7LYcSCFJw48DIQA9q0yeXxz6NHT0fZGjX5HQAKMxRMyJA3UwSRMc0vlbYWPfXcf9v0RZmhHH9RJil1Ulmp5RAYEubMK0C-_h39Tf4rX0v50Ai7TN14JIzdaL-dc9OvvtYUdId-M-90Qzds0ELrfC9h-9YKlMQ61rJoElQSw_yKk8eGCnw4WSRuABiGnO_9vbC_TRYLXboYiGS21vZ3cED31U6YeAGTyb-mMGrmmi6MOGC6MjSmCMP4E3BMExDZiVxxKLEewFZ588BDQ8MU6j8YUyz3_JRAd2cE66Crr-hEcd0MjRth88HESEEuT6DHyFkvCgQTJJ9BgociXAH5AOsk6FKZPfmbHjPjgMnR5TCaLVhx-FjBQ4m0xlk9jvqc7eoFVmS_B4gAlr2mdRZ4IjhrCYsNFBTZpyrPAUAmL6sNoXPxLCaEVHPAvwWIXdlaFSfUKWG8XAAwtu2E2XjuVTb1dPJg4dMbkAd1wsU0uD_Yw8LkElpubnAF-i14KFOxcfZfU6gcM4JcQzhyJ2pp_Q55ns3ykOZEDtyojXE6thl9y8heUO2p2w-pZQayc46nAw3-A107NLem5mMuUDSs_9CdMne19hWCvbjLku0wnNCxlDPl0VLWp0BaV1rqbrc0amMnjS7glB7lEmnXfyUPHlgU4_kX9JTSKLI_FV8WOQtoJzzMAnV2BwcD6wQd0uPdVplabBZNncVjtuw8Q==&xkcb=SoAw-_M3JoRX1Jy-BJ0JbzkdCdPP&p=2&fvj=0&vjs=3
Senior Full Stack Engineer - Backend focus (Start Up) - sune,QVC,"Hybrid remote in New York, NY","$130,000 - $160,000 a year",https://www.indeed.com/rc/clk?jk=9fc0c860701e10d0&fccid=8a4535c948d32e2a&vjs=3
Full Stack Developer,Halodev,"Hybrid remote in Houston, TX 77002","Up to $150,000 a year",https://www.indeed.com/company/HALODEV/jobs/Full-Stack-Developer-7b82ef7eec5be7a9?fccid=27cadf666aa903e6&vjs=3
Senior Full Stack Engineer,SentiLink,Remote,"$150,000 - $190,000 a year",https://www.indeed.com/rc/clk?jk=36cb7706dc0b7f4a&fccid=2241d500446137f1&vjs=3
Full Stack Developer III - Virtual,Alight,"Remote in Lincolnshire, IL 60069","$117,100 a year",https://www.indeed.com/rc/clk?jk=8a22d08b43bbbb47&fccid=c35833abe06c86e0&vjs=3
Full Stack Web Developer,Altus Engineering,"Remote in Baltimore, MD","$80,000 - $140,000 a year",https://www.indeed.com/pagead/clk?mo=r&ad=-6NYlbfkN0AortvpW3vTTg3IlRoAHJlhxWxmL2tW0W3d3MUvqLRhPaCuUoct06Jq1R86V20XLarGIjPeS6si5EKTMYIS7O9f0bAD0dOj4X-f-txsokz251EFIc3Z8leIH2LuBnWRFxkkaIMFScOXazsa5DvjdrrNp8FgfefkMfPI_PrVfgFNvsnVEKErGciyki_FqjVx4tBlZOINQEhGN5uQG7ft3CdodqPN_2EdJxuVMk19q2EnM4X0wXU6HMczmfYKRgSFThThN9cR6M78N3lGvt8WM6CTuZD4J6QPris_DhtOTVn8hIB1CvjW35EtmINc5WqQC9vtlElL0xmTXPSmesTvH9x270HBuJ3sVxQNApK-yiN9JCiOJsyHbiGzGhu1ZaaGM0H4hz7QwRsnA0yIsLhKpvO0EnbMt2VooCWnbousBUls1Yca7M3cCljiJ7fweCqAog5kO5oh-ILXpneqs3iGFSxClvv2iXAk3tG-rY28oMdw8TgvwpSqRi6xHzmXGF0Bh_78chSd6lticvPTuaOrPDOjlPAXxfWYly5b3ncEDfMmFCp5m43HfHKo2Hjg37BhTpFUBkm5gJe7JudcmH3f94M1BdzPhMaBzp9xVcy0YMWt-cGLtrrAWPqG&xkcb=SoBt-_M3JoRX1Jy-BJ0HbzkdCdPP&p=12&fvj=1&vjs=3
"Staff Software Engineer: C++, Python, Game Development (Top Secret) - Colorado Springs, CO",Northrop Grumman,"Colorado Springs, CO","$146,300 - $219,500 a year",https://www.indeed.com/pagead/clk?mo=r&ad=-6NYlbfkN0CwZXc5kaVZcDIejlzrQt6xuDzFCT1LgXJr1Wz7yprErqiSSQFSRu7dAdnpOTZy8C7OMSepBT8Obw00DCbT1FuN5ohvjuBrSBoNIVpgcvRFnrYz4AcU-nC2iKaVX_PwF35aDMPX5zUc4IU1hanb_fztjG0g9vHVPBjLUjsAryWzJ6quzxLe8GNe239gwCIRmJiYU1QFY-JxG9lQgCooaahdENUGfejzcQMk4hK65Xgx9djVEEV0zfQZHEFETil67O8cTWY7xoMhmb3AsdKKlp503XMVqXV9gV_hl7LXyEkT6T2oloBz4HXAfYVLFkmq-5rKzQxHvJfI7IukuoIjkXN00Hqa02tCQ_JT7Zl0HJPeokYuXotvGA9Er-bUqTYvIpFxwR8T13Usfia7OA3u6-Lwkkw9BA1rIPCiUdAN9RA6T_Rl4NGHfAp0ARxGcPJ4XYLF8rSDA84M9ulYw4isogMNDfTzIID86mIkcGFwqWy6KHl9LGxzg6XjwlGv-PHRgMjxg5Qo7oCc6px3-N5PXrmQmmIZWm8qrFCx-OTzx06t5v1PtFbWpfKqrVJW2WhX4rfJ9jch6fAQfMheoQhmNDxft-8lbnDJ4DO1c7xX6FCyyCvDbWHlRBaGOuhbBZ8Ss4RNwVQRnnaZze4bq96vtv4qX6ib2s6JHrCIxtcsuBfRRULbzM9noVkzrcqxD8sOO9Tw9tmy4xuMncLiMGTV7jyrb2nJe5IvZU9ng3MjoWeQIXdwPeQrST3c8Kk60l30550UoQttTbmDoBaDoNQfXzsSbM4OV3JXSBB8ZH0VzF7EpBjQF_tuztWB0SzG8hlSLSZm12ASkT1H9fSZs8IWkPKyorWhisxfVugMsQkd1f3CHcYePGKLYdW3-RMVrJUJjcY78kxgQhrC6Ym03GJgXF9jz_oh66JMnNzdO67g51PvNGqiVtZRy_FnNrZDhw1lFq7kT1SnSzkE-kgYGnmgG5pjniggwF14d99xHF_cHOvDH9xh4jGy8CYNQGte-i2J_al2u56VYnt1ENyBfkYR4Q4vmERJ5PPQOtHzoy3mHVOO1XMAcLWbBzKKhRlP5MqmyRjoIvlAYdOHDDnY9LJpjO4bgd8MF_ih6k7B8as28Cwx9DIzzX9_h1ZkNy9iBBiZPFF9zSqaHfLQBy-DPjx3QFxuIClAzN78uPUNpzmD-KIf-AlGOAf_LZsx-3Rr6bO-2flycFKC8RewkdwuCkZplu4v610FwXWNDwB_qijrpCwMyHVpYnuVhMuSlI8zZme3eaBLmpNd9KksBA3pcr1G9hMPHhotm6BsZljkStpvzO5igudXxXWFTJeR2fz_xtaxyoj78DLjwwWUsWyZK64wL8Ux8IEpsYGgc2XejXYFwGqcCdLiCVigC0Ie&xkcb=SoD6-_M3JoRXF5TepB0LbzkdCdPP&p=0&fvj=0&vjs=3
6mo - Full-Stack Engineer - Hybrid,Roc Search,"Hybrid remote in Indianapolis, IN 46231",$60 - $70 an hour,https://www.indeed.com/pagead/clk?mo=r&ad=-6NYlbfkN0CMHfdvImXyhvk82aHanYmk_omNMXOkHedsHncAw9pogUOg-Xw6F2-w-tqbr6xiiSGpXsirGq6LjJJCF5r6T-KAmfmwJ7jXQOH0VjYa_Pd3ttLbc9vfGq7zAGiKtgALrxjLSoG1ILFn-ORgDry9m7yeV4zwmbu58lk5AFtfKSRbm0N_0Xy7vFVl0lBH50NHYlcxEJXdL-ccBntqvtbdSXHtUPlRdxH0Mpbg9x_rrjkDqxyVXkMoXctBwR6PNIS4KC7aytjCPcWynYKJwwSfUnOr2UucPR3wcnIN3SEvu5BdrzreO4x9Uqg15pwMH1XCQgQ4hOCJ-Cb8WP1pNVPAV75GpyIeuUJVSp_T1Yc9x2J7_IAx-j7_WFh411UXRv-z4O1LbYmHXs6vVHDaN8-5K9J3m6EuSQx-CtyA11WfvDTOqSNO4b5MoChkJ_YNcvthHdBnDmnA-k1BHKSOEDvj9mUscm6tydUcT1uhcPALxaNH1mo3CfIvyOWndh9cyr9i2KBSiZ9E7LYN7GfRCnu7ZNn7JrjTs2npDBhP0SsEWX4Ah_CHC2tiid1N75mGAWHkVaH2sRjSKpjqqjl1Oksbda6vBDtJFuxLIIqH-IRhjXk-sQUHCxKXbBUOoLFqd5JO3V8=&xkcb=SoBO-_M3JoRXF5TepB0KbzkdCdPP&p=1&fvj=1&vjs=3
Full Stack Developer (Temporary-Full-Time),Pinkerton,"Seattle, WA",$80 - $90 an hour,https://www.indeed.com/pagead/clk?mo=r&ad=-6NYlbfkN0DEMI6QzMzxi0DD_pMYXICmFoJq-H5LrGXX8bv2zgXFdkBZyFYMrK3519QXqRcdKdLdqT5sLI7-NRCd1jwVl4wUzkoA6_G77Ii7UYfNEV5LzjgPUSBLxtRl6bHweFXLRfuaChkmLhxxqyM5App2D3NEFfKt1UA7OSLTyrQj08oj_BwWgx9Zf29ejYmI1nTMo1cBfnFKU0UGee68Jqu_rwPF9GVqXboVG2xmo01q5xzlJPjrOpKm6lsYa3PrzXTNTvlvsHfrTXSGgK-GbwFIn2ruQOLryANj55qeJt7O8CrKadWobv7MdMfMAG4ruQzbqK79x7BiswmzXBw0FicbKjCOYSFhkWFr0zzzhrfE_G5nZ-IuoehvRjlSDhc8utp-_usawwIeS08Hf1YuxXicjU_AbldevUi5ODaaDc-i4aQY87jWUfPlXSoBbCH5GX4SlkNcILoHAKuf0mE97WFh7xb_M5Zhah2E-aADBurXVioE_uxmW1p4jADfTHbM4Sh0AbMr049R_z5v08-UOxJVdsZw1zQ13StwwtNZKhxomryrW5Fcb38La859eqC8wG83-nz8qQ8qZd41o1HXtGlT3oahhcEPS9W4ORyIm2zJB-0Ui_g25E_94nc3j-Jxd0P224RCCGw4Iv5V0-NHrDUaKUlnNnZyBUW4BsP8VglWMP4OmdvxUJo_T3S2&xkcb=SoDT-_M3JoRXF5TepB0JbzkdCdPP&p=2&fvj=0&vjs=3
Sr Data Engineer - NLP,Peraton,"Huntsville, AL 35808","$112,000 - $179,000 a year",https://www.indeed.com/pagead/clk?mo=r&ad=-6NYlbfkN0BWrJOJIc9CpN6yMpv0V0AydpTkzwx7H4nhH8WAx3qz9DFPmyzxY6nkFs2NPrIYzV-k4DGG9BsZ5Ljuzd8vKVw4d-F3q-0-KUq46nZbycFlGpo72_BP99EZIWVs-blbWOq89reB8PBPyDq6rI0udFe3Lq8O6ykVf1vg8wSRQynXHXUQXBxTVxvu6RlH7UVvbUOOtJbDlo1PQMBIzXPFvOtYETnBUUh2dXKfZOsApiwBDxxwmyDysWwvSLLTTCD5q4nGB0n5XDsJz4JC8EJqpt5tCKxX4KQ6jG9yzuXWQWPazK99aRqRtHGpO1bMmkdhmiLiwXsxWqdBke8qUeazr-m1-Jp_m6yaRyOZiJ4kX_G5TNzAawfgr9NJ2OrbxLJEJLHF_u5glPAcxPzTV8dCGOz1vcYa90KM4cN8P-2UesKdkY8wp4EdJhTOSaarZ4NxjT5_JuM0j2zM4zu9p8kcICVq4f-BP6G1SAbpo67m49JDRE04jFtobUGVjja7RzRrhqQcl4IElqEoqnrpILbwFXcciooZPLA1RISsy7Vxhoeb18Q9tO4NIjVjoIIctkZCjpBWtDn1zKa9FtOo64tGCYJ0M-Csj4ffKhwmbsJ48fKlS0EOlAYG0kEbqimOeGwKuQazycNe56SLyH6Ua5bxWGUKIau48JlaES7lok89-6Dq5DZ4_ijJFDWHb51_DtpK2NsM5u9PSOS8fAUxj0jPZhHLIUeKxkkfEghjEmxozPm67_ZI72GvrD2hQ4ldL1l5rT7yi1zP8RAq0Ypz9gZfWKyBdhxjVV6m0z9eXu74NZ42AUS7uVpVMoBDeXs6r0r50zKgL6xFtkoQgc7S6XMunmfURL3hJdRLx3GMRiNr26hjrMGm9R7TJUNvxJroUxVvRm7ZxbKkxbQknNR-hU24Vb8zPVDRoJHzWTtoDkyS-1tsnBkrUgfTGShW&xkcb=SoDp-_M3JoRXF5TepB0PbzkdCdPP&p=4&fvj=0&vjs=3
Full Stack Developer,Parsons,Maryland,"$81,500 - $142,600 a year",https://www.indeed.com/rc/clk?jk=abbf7fcd240742ae&fccid=e8f998ddd15bac9c&vjs=3
Sr. Full Stack Drupal Developer (Remote USA),ITCON Services,Remote,"$95,000 - $145,000 a year",https://www.indeed.com/company/ITCON-Services/jobs/Full-Stack-Developer-e93e7b1c0708a294?fccid=35424c139927dced&vjs=3
FULL-STACK ENGINEER,University of Washington,"Seattle, WA 98195 
(University District area)","$9,000 - $9,500 a month",https://www.indeed.com/rc/clk?jk=5de5019741d1b71a&fccid=142783ac2edbe56b&vjs=3
Full Stack Developer,Davies US LLC,United States,"$60,000 - $90,000 a year",https://www.indeed.com/rc/clk?jk=ad9ed30585ca65af&fccid=6eba9034e92ba229&vjs=3
Senior Software Engineer (Contractor),"ATR International, Inc.","Hybrid remote in Summit, NJ 07901",$63 - $68 an hour,https://www.indeed.com/pagead/clk?mo=r&ad=-6NYlbfkN0BfNYU94KzJuWtLrCRU4sQ8b6XPKhdAMrb_eI6vBPAcxJrFysygXHv7stKnHmfMxVYZb-TsY4-gX0WKk3NMS8j_9w5Di0V5HNVMxx_C40TNyLuBd0AdggtbFk_ck0F2gvEE2qEp61-YHyRugGQ1oGDSljrMdE1hLMt2xstdRvjTlO6Zm4iFjbaMweLKJARFj62Ffzm9r-_OEn3_Ksibz7Dxwx_Fey1D5nBG176QfCxKK1c_etZdcIzMIWt0-OZRvbYkuoPg08Hg1_uaw2CKYQa5YgP82qQR8M_ey5hcEDVSOuveGI5AtxVp4vVk-rR7AVgSwXRn97Wr7RqzYikm-yC7MfYdR2drxaYA3upShW9xa2yUzubE3190epkGPaFNaNGOeBUZR9Xc1Ob-ITun85AAmuaACX74cEBjOOYLdxtZFyH4gJqgVE6rTaZAVS7gqfOi71gMTjKYcM8rDHDuV1lqtO7LENI1bncJzoND5pgdc6JOqKKJPURjyQ9vGeXXK4hN2wsllBC5XNmMvf4gSJy9z8dotLfT8MtS8XA6h6aPW883vUYJAINVHoDxnvYyfioNTLOKmRumQncHdfGA-O2wYV2K-qKTB6h5zDEOrChNDTfc-Wft1ey2lvLJwJq74Gw=&xkcb=SoA6-_M3JoRXF5TepB0GbzkdCdPP&p=13&fvj=1&vjs=3
"Full Stack Software Engineer (React, Node, and AWS)","The Travelers Companies, Inc.","Hartford, CT","$91,100 - $150,300 a year",https://www.indeed.com/rc/clk?jk=a11c3f89ead7efe4&fccid=614604a6208fa23b&vjs=3
Mid-Level Full Stack Node.js Developer,"Scratch Financial, Inc.",Remote in United States,"$62,000 - $95,000 a year",https://www.indeed.com/rc/clk?jk=f0cec2e048804418&fccid=20d2547e5a12c51b&vjs=3
"Software Engineer, Full Stack (Remote)",The Athletic Media Company,Remote in United States,"$105,000 - $155,000 a year",https://www.indeed.com/rc/clk?jk=5e9df9ff5a67c463&fccid=2e1f31eb5c179904&vjs=3
Db2 for z/OS - Full Stack Developer,IBM,"San Jose, CA 95101 
(North Valley area)","$119,000 - $222,000 a year",https://www.indeed.com/rc/clk?jk=2bc101d27773866d&fccid=de71a49b535e21cb&vjs=3
Senior Full Stack Developer,Connect for Health Colorado,Remote in Colorado,"$104,200 - $146,000 a year",https://www.indeed.com/rc/clk?jk=729685c5a7cfa995&fccid=c588cceedd21b117&vjs=3
Fullstack (Node),Avenue Code,Remote in United States,"$80,000 - $190,000 a year",https://www.indeed.com/rc/clk?jk=964253ac631fb002&fccid=c267202434f82771&vjs=3
Management System Developer,University of South Carolina,Remote in South Carolina,$65 a day,https://www.indeed.com/rc/clk?jk=1bbc6191415d95ff&fccid=81f582fe27653afa&vjs=3
Full-Stack Software Engineer,Atomic,Remote,"$125,000 - $160,000 a year",https://www.indeed.com/rc/clk?jk=fb5e16c5bea5f594&fccid=29ce24cf04b05f6f&vjs=3
Full Stack TypeScript Developer (React/Node/AWS),Michael Page,"Chicago, IL","$140,000 - $170,000 a year",https://www.indeed.com/pagead/clk?mo=r&ad=-6NYlbfkN0BR3ykMnr3Vw97HK5IC0i9Uo32NXohanwqRY-CI8z69brm3BnZpGkMpHGI7ZEEMUba-6oYneRoWZS0l0KCXNvnW91WzMxgz2Ah8yEx3sHVZGF1NK3YXRi-DcfQZdqdaIMmbAkdU2SJOWnMESpIQQEefpM9z5ctiV4Rjc8XwH6GOzOhtSNF1rL2GSk6nKYN_BcK6sAElRBbeTycPz5WPeUo_MpjM3q5xSG8EPO-Ch2fl3xpN2tO_FidQfwuzDOQ_qShoc-mQB_Wyvf_1qSZpJclHewkJI6KRkaRuEUW79mw8KNAWzypwXbDwQcGsbTl6gHIW3dsjt2nDmiwHYQBuGMlTIcjiIuEerFQMtAAyG6vril6ZVSCCNj-HJFZjwAN7UxuRN7w7U7TwZkIN8W3vyu0Hx7hV1dtU70D2056CVxdht6gAK9LUpPuzYuMFBTC-OnpX8QflPfjCKzqBVAPmdn31dCV-ObMoE20hQ63jhPatyXoRYvUpW383gBi5GYsSRzoKKNckwHB-hLheSQ-yd4yq6V99fJzNWNo1xvoVT8mUHV_pz_zgXH2dP5X3FcjLRN4cTmT37UNMwIcCT61mzj_Vy3pX63CoAQQnOpZKLsYg3m1btsnwLRGx1nrhuKJTQf4ebt95eJ5qV26WahCdBaoNr1MLdQ4L9pLRvQz6s3F89V1XWDdaKznmstqpnUS0l8oryoruiljJoUVK_UFNeDUQIBYJoPg4V-Lupul4hDNnMBRV3nYM0XmnFXX2515zjMxJseXfUGNQ0a-D0VV1McB4fDDVuqURT7Rl_cBHwj_cpJwtVUS4ts1GVdbRdFbQcak8EfbubfCx10BlOsPwYGSwl2aYglf1ogqK1X2b-XJlk3mOVv96WN3wqezQ8JDhd12MIOw4xQJrXu48KwU3ebW9jDtVNo7pREcYU618RjMwoOZ_njtDkce5bhTperHS_16MG3oziyE4vMcJWKsAgDn4MW4m3fZbei72VF_Nf94vAcriE-2PLdRSNHuI07rEGIObbb0fGE8yarJrRcAqx8cX3aFA4mqvtErLOTMKjUB1VJS1B2x2B5u4AN0Rbtg12xtP1pY3-dAkn-8Q0KpCS-olVds4t_iwa4xDbt6qOQkygz5WPMDlPms8B5nC5ptKdVJajD8M7NTOQA==&xkcb=SoD--_M3JoRWVzyCQB0FbzkdCdPP&p=14&fvj=0&vjs=3
Sr. .NET Developer (Full stack React or Vue) | No C2C |,Vaco,"Remote in Nashville, TN",$60 - $65 an hour,https://www.indeed.com/pagead/clk?mo=r&ad=-6NYlbfkN0D_sybMACCpf9B-677oK5j6rPldVB6BlrVvFjO_o-GJZbzuF-qh4PxErFUqfUsv_6sMKi3ekC6CNKTr_qxmu3IdpeQf9lJTcIs1iwSMUDf0KlB1dHysL0V5WU966G79mlcLWOEBhTul3Uvkz8N6uddRaMVLZLj8HUPWvHPcfm9FBm9aWY_uV-dNcUj6EjchHULKONCqX9Rf76LXgXI9dqjt8Lun6YBNqeiF3XFhW6XByrI6nodoG-vNd3QghmjlssaD823adwFAOqaqq7zCJurwnyyTeQ-UxkXSnURPW0sdc-Ya3Ekac8hLJ6v1-593sJZlVORT4Mur5nE9LJVDt99I6FqSouOXAui0qjKrQikArEdTGcSac5lGyb7fBoCIIoOnKvGWu_FYHJOF24XHqmyFOLrZh8EnjJ3Vyz0bpkf4sSczfsSi1ZCDtyPn1uOASK8PRvNEAceSmFcuEpLwYFNd2DXh9dJNEGXEfp9eMr0A9OsNHrcK3C7cuntTwYaCXwRnXzo35mBFOKjblaxcJ_yQQq8JNnK3lIUnGnkJUc93C-P-DJMT0ujzT8H9fCcI-rpYD42HJ1LS7dUgz5rppirBCI-oQ_tyXp_7Y8WhLf03-IgT1Bqozts6C8vE0PzBr8TlnE9NWsZakobiau83jwF8ku8-Hh2-ciM=&xkcb=SoDf-_M3JoRVkKxj4J0LbzkdCdPP&p=0&fvj=0&vjs=3
"Fullstack Engineer, Pricing",Stitch Fix,Remote,"$142,000 - $152,000 a year",https://www.indeed.com/rc/clk?jk=89679c9986859d57&fccid=1c70eede37c5caee&vjs=3
Senior JavaScript Engineer,10up,Remote,"$70,000 - $130,000 a year",https://www.indeed.com/rc/clk?jk=5ec328de7ce03a84&fccid=1349802b528fc00b&vjs=3
"Associate Director, Full Stack Developer (Remote)",Novartis,"Remote in East Hanover, NJ 07936","$144,000 - $216,000 a year",https://www.indeed.com/rc/clk?jk=fb5678760af2cc8f&fccid=c35194d01a9e2595&vjs=3
Fullstack Engineer,Hadrian,"Los Angeles, CA","$150,000 - $275,000 a year",https://www.indeed.com/rc/clk?jk=d0b94983b49c113e&fccid=9534cbef124ed6b8&vjs=3
Senior Full Stack Developer,Aparavi,"Santa Monica, CA","$80,000 - $150,000 a year",https://www.indeed.com/rc/clk?jk=e937e44c69923193&fccid=2f654fb2d9a39eac&vjs=3
Mid-Senior Full Stack Developer - REMOTE/Secret Clearance,System One,"Remote in Washington, DC 20016","$155,000 a year",https://www.indeed.com/pagead/clk?mo=r&ad=-6NYlbfkN0AXtvPDqDev6liskt-h_3vAUEMM26GmMOlWYCAn-kvNiZzopGGRoYPEY5P4mjYBzh9RAMRFq4P6hPNOhK2KNhsqwZfgpNyDORc9yTG20fPXoiBFqxBh0JtTt3RCj_zXLnErDZuAJ2hTYxnmL-pEubw1Nki5K3YAqN5rq-rmYCkr87dPwFWeGFyJpTjioe7TQ8RWvHm1--sPUJVPElIdQ0evN6dsKZO2v04-sA7Nc5UtgPQsJqTpyUT91H7q69bo-9mdYT_eqKRKC7xu-ulsQ07OGbLnv7KLRbGrk3afsI31FaCVteCUIg0f3FPq4KvPk2b3nSS269MOPt5mVK7z6IycLskQ89RNYw3hC2qy6VwYaEsDpxXhBn6EGEJw8USiNCrATNN2q7g8SxmDtQW2iMIT_fLDAinSmXA22-ibwF9XMq5sgr7zZ699V4g7zv62FPMOirCdZwMfhAnBLF1HORPUsshUCgRwj8hZyRLfBh9vrGdy0kpL8xqTwQZDvdxJH_upoIq2GCQCdJ6YOnakv27SQrcJT54ELkO409M7kmwZkGCOFdjEPQwoXD_YT0dqgBmQGGspQ3T_kfkMNEfL_F60PpJlwLvUggn6uubt0TSH_1E6mNqOFCP2-WwaNiJ4kYVddWT04uiT_mNt7gWmbXGz54QxkVtYw39sHBvTu1DRkGSL6c7aMFNKMT0bJDjM-r1DMn4mupL01tMzC7ptg_zz0hnN-YtDFMCZvPCjZHtOVZtDcVLuE0__6AkOAAUlyvKksw1HjUuzau-eXAN6FPNxF-Ps_FN5JZ0=&xkcb=SoAf-_M3JoRVkKxj4J0GbzkdCdPP&p=13&fvj=0&vjs=3
Full Stack Java Developer (Direct-to-Consumer Platforms),Skechers,"Manhattan Beach, CA 90266","$85,000 - $160,000 a year",https://www.indeed.com/rc/clk?jk=eb0b1e23ca4fb780&fccid=4ee282fbb93a3724&vjs=3
6mo - Full-Stack Engineer - Hybrid,Roc Search,"Hybrid remote in Indianapolis, IN 46231",$60 - $70 an hour,https://www.indeed.com/pagead/clk?mo=r&ad=-6NYlbfkN0CMHfdvImXyhvk82aHanYmk_omNMXOkHedsHncAw9pogUOg-Xw6F2-w-tqbr6xiiSGpXsirGq6LjJJCF5r6T-KAmfmwJ7jXQOH0VjYa_Pd3ttLbc9vfGq7zAGiKtgALrxjLSoG1ILFn-ORgDry9m7yeV4zwmbu58lk5AFtfKSRbm0N_0Xy7vFVlteX3Km8CaqB79iBvVWpNeRVgFRUfiysoP73hxRQJUDTPLiZcJ6T_uN1cXBe5_RqoPLxcQYtaTuYAh_XhZUuf3xsXQOehzpt_M7q-V4sKt6GqtgRjN0O1mwCSoaBhorkCR2J7qvMK3-ezdYBNlMRVUgova9Ud3rCZO0XWdLVxlgKosyqvOY-GQ8YaZTDgSreWN4sdTJjT1MLMpNeLszqthzKhHuVShI-2NdPvLga5HV8F6A1yQSimyA7u-T-ByeGSOBzyCahWZ0eSWQP-obbdq8UPhQhk7JD8APiOSRw7hIURwEIXckfnLStkT8KsYCt_7RnsEF42tOiCVf40YsID1d5cdYNNL9VY4GtwV1QWobaq7jQSE3pNQKFA1rVQ5NuCxKgHQNDKZN_uJNM70uKzc2escEEd8XQz08zwG953yk2vt2nqDcDbHq7yOZYveq8Kehu992uV1v0=&xkcb=SoAf-_M3JoRU1_y-BJ0LbzkdCdPP&p=0&fvj=1&vjs=3
Ground Software Engineer,Turion Space,"Irvine, CA 92618","$120,000 - $160,000 a year",https://www.indeed.com/rc/clk?jk=6351259ca138a1d5&fccid=dd616958bd9ddc12&vjs=3
Senior Full Stack Engineer,Second Spectrum,Remote,"$125,000 - $180,000 a year",https://www.indeed.com/rc/clk?jk=704fc500da003ac1&fccid=dc3f98b765e8de21&vjs=3
Full Stack Software Engineer,Deepcell,"Menlo Park, CA 94025 
(Lorelei Manor area)","$130,000 - $180,000 a year",https://www.indeed.com/rc/clk?jk=c4b17cf887a945c7&fccid=7f8f178d1dfa75d6&vjs=3
Full Stack Software Engineer,Arine,Remote,"$90,000 - $140,000 a year",https://www.indeed.com/rc/clk?jk=d851a5dcb2c5b351&fccid=6f0d18ecb6633d93&vjs=3
Senior Full-Stack Developer,AXA,"Hartford, CT","$95,000 - $186,500 a year",https://www.indeed.com/rc/clk?jk=34bb3f30b2908765&fccid=753062d67d31c43a&vjs=3
Senior Full Stack Engineer,Ibotta,Hybrid remote in Colorado,"$120,000 - $160,000 a year",https://www.indeed.com/rc/clk?jk=2c474decc682c7b6&fccid=2e1276ca32b1a903&vjs=3
Full Stack TypeScript Developer (React/Node/AWS),Michael Page,"Chicago, IL","$140,000 - $170,000 a year",https://www.indeed.com/pagead/clk?mo=r&ad=-6NYlbfkN0BR3ykMnr3Vw97HK5IC0i9Uo32NXohanwqRY-CI8z69brm3BnZpGkMpHGI7ZEEMUba-6oYneRoWZS0l0KCXNvnW91WzMxgz2Ah8yEx3sHVZGF1NK3YXRi-DcfQZdqdaIMmbAkdU2SJOWnMESpIQQEefpM9z5ctiV4R0peylUx3A8-hqDBf4cDPki1WiFJdkWCVIHMJ2aji8zGzMCJNf1OQ_uvIoMJLIgGpIfgvqTVyysn3cKbf9Tdc0baYkH7qdHHa4h9eL2i3Mi9iG1-WTrc8DL4MRiWXj8ib46HEJSQDryf0jNDw3eLPQUAzG_uD2yIua1ztGz7IHAvbYePOpdS2P9qxqbU-hk9Gws8yJ9lT8yGHv_BPX9OrDdbUi74UmigFTpJNoQxCYb9Un-hLIyNlEC98DTdpUcSqwxM3AUAjq0BwkgBDligkoBiPA8JSqu9-Ur_d3VpDtvdDBZPLQIHlCUtxtSSUqxGw80V-FB-3fuQHb8K1GV2qQfswJM9F29JPuooc6dVSV1vJk81TV8f-uwZiEzX__0yG61idnoEv2Ob8YBYdVJgTpMzsAnmZKJryLh5szJizyg4ohBNGqvc0B7M8Z59LF9qpq4SXxOztobo2HL9fwBLSoIrVW9PFH-6qc6novMvZG8UM5zQ17Ydx5atXnSwcPJmT3YPDwL9q2DSUx2IZk4JzxENDHhYiEfQDwZ9rkbkh4-ToYFemA4gkplov6wLsYHW0q_xVNmRz5_4zK9Jj_QD_LAWgB4vGGvgsR17QZ0xqTSzzOorWrLxJZuaSpT-K5-BffAutG1jwNJjL1QXGRMs6bEgR2CsbtbetjXUX9aKh2vGzP_--pyLsGn3kGanZUwnugKpdMY7V62HdKPZ92iB63Fe-zv-giV3EC30lHqyMo4AwYiGC0AawAxD_DwtYan7OM_oZpOiRrXakYAwfYVBLLiEWy1JnWZ2-2nF5QG11vDNQRvD3RRZOZSIT9Q9_NfN4TLv3j77xf5a05K_iXttQRDLA-sC1-FeQhpfmOHY_6kGp3HBQb-Fhfih5nPQriFxixOs0KHpZ0w-ZVFGQaZZmBO1Kwqe0Li0SYVcSS0-KFThknp-JiYsryrhgzuzPeIgGC4_q0iPq1EWJ-O_VKW5XAncAdLv1T749DVGxxTvCznQ==&xkcb=SoDf-_M3JoRU1_y-BJ0GbzkdCdPP&p=13&fvj=0&vjs=3
Senior Frontend Engineer II/III,Measures for Justice,"Hybrid remote in Rochester, NY","$127,377 - $137,567 a year",https://www.indeed.com/rc/clk?jk=96958d2518cc9cec&fccid=58aac7d4a0aa0264&vjs=3
Sr. .NET Developer (Full stack React or Vue) | No C2C |,Vaco,"Remote in Nashville, TN",$60 - $65 an hour,https://www.indeed.com/pagead/clk?mo=r&ad=-6NYlbfkN0D_sybMACCpf9B-677oK5j6rPldVB6BlrVvFjO_o-GJZbzuF-qh4PxErFUqfUsv_6sMKi3ekC6CNKTr_qxmu3IdpeQf9lJTcIs1iwSMUDf0KlB1dHysL0V5WU966G79mlcLWOEBhTul3Uvkz8N6uddRaMVLZLj8HUPWvHPcfm9FBm9aWY_uV-dNUjnYZ1rEMVoXCnWoDl5ptrkbK5-4NSjt-uKVH4vamHKiwihVcII_wBganbOoDaekyayszC-tD-0ENHnRpdQ5pNVEUCG9zUwqbypH4zT6voEzFIYn34iCkINX8XjOuocU_vj6JExLat2XuI3P6y83jxvGPVL366vhuzCUK7HzA0ICOOo19Zk9AkcDbgCsHomCpFRG7vE64Bbl_NIBiovZmahmdOMje2pIjexiVznAejrPrBTgCfS4PkUmeUKlarwQ9JulgdtKJyvQ1t1UwHFprllzjguZb0I7Bkv5Ganz8UUHbA6kLU49Di4yqRXBCQ0hpC26knRE8rtiZyoZ5r_8zMxBkXhcmAMLZG3GjhJ-9z5wlFV9m1fdEOtaj5RI51jiVKXR6LDbsjlPMoOqSJBrJhbQhstt_Mc64dxXxfYd7CYg30s7HKZWakBaAj9eIEPEP4siLFtMykpIvSl0Km53OfXXgaYnzzMBzpsYeqGpXco=&xkcb=SoDu-_M3JoRUEFzs850LbzkdCdPP&p=0&fvj=0&vjs=3
Full Stack Developer,"Revolution Technologies, LLC","Ankeny, IA",$80 - $90 an hour,https://www.indeed.com/pagead/clk?mo=r&ad=-6NYlbfkN0C9s4D34T-t5Q_QrI0J88zVoRG4vEg0yQeuXb71JYkH4ZFF6nN3aXyD5yPaNz63F60flZLRuBkGZlTF5ounJabPBxEAyB1eLJJ1u_aBCjZbpyF4QQLXgxVhSeX5KYodnSaWcBJxoY6ZX-prMbZ0hgMLkhQecYJDjz_IG0n3yoS-k77MskZMhK8CAW9ktFUOwg14I8zqQgNyQUEubW1bSzOI6qe3TOeLq7PwLvYcti0tN0y9X3wyAadTxGf_VssY9RFEFTBgoiGUDp9STjP1D7zo8YYmqRLeG9svm8czsrMN7c8P4E5WGKHOGGSx9km-NbWiAnsL4IyCahUC3i288evYRjXvuniB13Njhh4FHcwiH36NP0JQu-jWn3bhogleJAz6MZxDsLfRB_XCjPAkGy4Vje9NijKaYM14O2Tw1Q4h_5wvWtMRdACweUHZrpU_tJUcwHalnCxXI-iHT8wy5j0iL75Qag_U6KXO3yuyw24p7P-y0EQuf43q2UG1IJsRWWrWvdNstYxIxwZLiC5yYH9N4vCoMIo3SOjrgrlK3XsaEJdbQRGRquaTdWVyJg51hdBg_MfvfU5mehYyfktbfck8Ga1vvC6Vanlo7M52qGV2uWz1PWTyLorR&xkcb=SoBa-_M3JoRUEFzs850KbzkdCdPP&p=1&fvj=1&vjs=3
Full Stack Developer,Presbyterian Healthcare Services,"Remote in Albuquerque, NM 87113",Up to $44.49 an hour,https://www.indeed.com/pagead/clk?mo=r&ad=-6NYlbfkN0Dqy6yjUoJnVWMdwCtv4xKWw_iAl9PLMfmqWK1fh3aXAm4cXvGWSTf9yZJXlv8a9xGvWdsz981wLB_7GT8rIKmCa0qA3WClqtItj66xcIxFb7XUWUY43mHHBOcR3oVvtVODpi9KXvbp5dK2hc0cWXcuK_VBWPCwy6kXDYI2eaMma4ellPFa0HwyP5w0Y0MEOPg8eMez-11h4bJKr__DA3pe13XvafWLwB-6j6qYQqY0EdS4Ls-4BXVOV3wxsRTMp_I-XosIuyWPvjWECVwudD6agZtIItugDyvVkUz6zTsZHZ-L3E3r3SRX7oaJNSvxpVAJZFaMeTUeWOeTlX2Hy5-Uinhfc9w4UN--kEEvnaCVc5h5MIa5MoefXoNKn7DL5g2wWAeGHxdTd9PpPnHcRQ5BWIXdEeEX6RYmSW39lWaB4cF-TmPqo5lVKS9ggyglWQ4ZbAfULBIiB1uAEI_FySKEpnSUZhLWO6CFIjP7rW0PD0W60lSALCqXf-WL0AKIg53KkmzkvvDU-nuIRoANWBds0SlMNqvL6heW9rbts8camsDTtY0mcgmzD6dWR8kLhmhtNSXAGhWqLyQ7ey881KCwVh2-yAK0mvhou4gXAXcLtstb0TxGgX2aiy0AZvHwDIlI_rByc-ynEbv9r_1l8wD0dXHkVmXH1QSBccuWpjEdbvqoU4-unP6zBnJJr_4_GaOaw5Sr0jLeCtdok4YvvRsggSdLvcv2bWG0C4YZ-bkQoJ8CfrX0ACTJRVn3ZH-Nv1G8Y1XDf6GNRuIQ425tT9uKq2tOLkbIQ9ulqriG-RTzBYT3N3khbVNLrIfqwQ5Q9S0cnXeA4l-kgpePP158B6Q_4R7gaMj7_8zmHQ0MZsf1IPHSphzqAEAjTi2Zme9DJAzwmuE4ga_N_mJF9qI1Lgy9kc7lMQW-X6d2qALr3diZaoD0L7ET4jyfKtAKc_cETXlRbGtyanV_6nhjALh_pHs1CeMDWGq7vH5tKNoV5lavFw==&xkcb=SoDH-_M3JoRUEFzs850JbzkdCdPP&p=2&fvj=0&vjs=3
Full-Stack Application Developer,"Community Reinvestment Fund, USA","Remote in Minneapolis, MN 55402","$110,000 - $130,000 a year",https://www.indeed.com/rc/clk?jk=7576dd4df91857e4&fccid=b04be617c3abd659&vjs=3
Full Stack Engineer,Multi AI,"Hybrid remote in Austin, TX 78701","$75,000 - $120,000 a year",https://www.indeed.com/company/Multi-AI/jobs/Full-Stack-Developer-d4758d78b36b6526?fccid=f608fb2078e2f0d7&vjs=3
Java Full Stack Developer (ATL)- W2 ONLY,Matlen Silver,"Atlanta, GA",$60 - $75 an hour,https://www.indeed.com/pagead/clk?mo=r&ad=-6NYlbfkN0ADTliTSg4K3aDxe8vkHVVj5ml6bx8ND6Ab8oliGx3AtQak9O875La2bFZ7Jqdg5u333xz3Ug49wLa3RU04pvdG_-aX6254TiQOdawqcw7iMhf-XJb5XriEnT9Y660GAGAkY3fcv8Fz2Pv9HItpUpSyNLVkwD3Bx71yKRP4837xd1RoM1pPUjpj9_5YB75HvX9gAGwACr0jvXaSLJ2N6n5j1ff1lyz4Q1ixRzL3T4bHue-EKlpw2gps76BVR8kvltMsOhq_RxipToomXjiww0W43aNenuDZZPFLT8bdDNYZ4Fvb8t0-8aTKHYRd50462t6p_CZDeY62R_14M2oYlDK-SP43s-vd6aBk_GRlMRQGo5biyQYyFiQ8oAoxw9D7tlvdDy8yoZtTX8sjBhv47rThwt4wsDR2VzRDLxYV8EONcVvrotrS2yMmoML5Cs_KDLIGElxIbuLoXGaFlrn-xx8FFDyq_uoZI4HJVi1AofIAT8skHzIBpEHJZk-GwSz9THJfs3GlHUGur1qzyLH_6pCtVzGYrw18bWodFaTSm-vjJSdSXUc33BsyXU2ouXtFQpSm8VvDWE3RxD7ivJmu075P&xkcb=SoAu-_M3JoRUEFzs850GbzkdCdPP&p=13&fvj=0&vjs=3
Lead Software Engineer (Liferay DXP) - Fully Remote,Magellan Health,Remote in United States Minor Outlying Islands,"From $83,890 a year",https://www.indeed.com/rc/clk?jk=649d41035bc0280a&fccid=8b9bafd9d608c198&vjs=3
React Full Stack Developer (Node.js / MariaDB),"Tentek, Inc.","Hybrid remote in Long Beach, CA 90801","$125,000 - $155,000 a year",https://www.indeed.com/pagead/clk?mo=r&ad=-6NYlbfkN0CjFA1lmdy0wJ1Qe9I-InJ7XKY3GJWrv4Ih_xPgAckHyoKJcbyfET3OPmW7VflaqH9p-o0TBF3y5guPBWk_-637yCfQ4cw9nLMf-okfF33CqVk5tC8OacF_JpxjjdBeen_3k9MW45aVUSs8Ryu0XgDYpo2ibE-U36UILWM21pun6FPmbr4UElGd2qxt-plr7MTAhjWiFSuu5i-6ifjqrteWWRBbtV7MEfB1I-2j8_ORs88FXdKGzpmAOSCLrdu7S7vwtWVyUpCbnvb2f0yEqnNjx1Crb6fQF8o3-2_gBdVNQ6pu6wxK4f7vMrnfdGdEpFc48XMLTdQvkql2ao2V_htFoZG21QypZz6Ju3Aelffjej5anKr-bsOzAj6nZL8edFjJDDw1tXkOyYM_qpKhscawiDhWYHaw46KZJzBRqlAFsPYTvhST6EvMz3LWvEucPLskZn8nrO3k2c1Uz0xUH47WfaEfNDpwAmDWqLUpfxndKJTR4hPnv_fXcBS0V0M5SeaJa7uHwo0saAFVDL6JHya8gzM7m-dq0FXzJ1M9wH-ngexvBOQ8EFro0uzS3zasMbAGvllCZP_POsmVJpdHmkxmUU4i0merzPv3fyCvZoMQDp8YKpkMKkyIQyFFbRrJkWPbHYtYyKLtpQ==&xkcb=SoCp-_M3JoRTeIyCQB0PbzkdCdPP&p=1&fvj=1&vjs=3
6mo - Full-Stack Engineer - Hybrid,Roc Search,"Hybrid remote in Indianapolis, IN 46231",$60 - $70 an hour,https://www.indeed.com/pagead/clk?mo=r&ad=-6NYlbfkN0CMHfdvImXyhvk82aHanYmk_omNMXOkHedsHncAw9pogUOg-Xw6F2-w-tqbr6xiiSGpXsirGq6LjJJCF5r6T-KAmfmwJ7jXQOH0VjYa_Pd3ttLbc9vfGq7zAGiKtgALrxjLSoG1ILFn-ORgDry9m7yeV4zwmbu58lk5AFtfKSRbm0N_0Xy7vFVlAeJljnLPrYMQXJpxT32P7DE_habKn4-kLkW9Tv9GpqGPOrErb7ZYwo057tbA2vivG9Zdy4pPdZ68XbyELmOlmP4LNLL66kn0iNkR-9kbV_wNiA5qlmDQo8_6C0MWVONbIhr6gr7hgMCeNVdLfGHHxk3a6p0n85800S-RZWesbHM8sST_aWONROaQFrNx_ZRF09ahoOQPznGYW65hZOtgx4IPxKtANv3zp0xer-HwOhtaxf5Ld6zyxjvVQBxNNin2wbLnAsExRBxQj3-1a53hocwBmN0bUWcJotYyMgnrWXjYkpxlCWJ6Rv5iq3cTuV4OvGdGpecOTAX2x_DSbz7A1qBOY6Gmp4dxWL5cH5uJGNl9x4X0rU9hl8DGo6f3G5FaCFPN2pTLOpi1YpeHUNvSF4uXfODo5FrxJlKhsJX5VhZN_YYODLIawoDYYVopbQ2wglXBbmSHgqI=&xkcb=SoAd-_M3JoRTeIyCQB0ObzkdCdPP&p=2&fvj=1&vjs=3
Full Stack Developer,Kforce,"West Palm Beach, FL 33407",$45 - $55 an hour,https://www.indeed.com/pagead/clk?mo=r&ad=-6NYlbfkN0C5IatSLh_Ak1q39eQQoPIxD737RW9NeiYGvIRXkrLjEBkC4LI6KweF0vk9JRHgKW8II3BmNOkWmL-2vw0DR-LvtZgh0NDSEqIfmFlQiYCEFndmMn6DkuRdemyRFhMJcoya58ZydDk_eqZfwsPoui4SYDwMfUKyJBraUl0-rLCH0Zr_qWUsjkckcLK6AWvvww1hP5C5S9V52njac32jtqjFY2_uG1nW8A810_qWNiL_Luj5RHcjTzukHbXIHl2qsgYlFvTmojDnCDcqs8P--jURnzSnlUkccEbWvM2hPZQg84p_FN2yLcO-pmemKcfS_GJsFUBgtJCPC3Uy6nYje8IxIMZPtOP04GoYy78RDaVk0OqLAFjf8aZCSU95j9oChlVGZ8emsB1tLZFfiAguWr6hU8ZV5RIKMtpEGUMdtZI838j13AxWdwgcG5mQRH2y7l59GBsSCXOoY2jN2O-xCFhMzKfHcpAP2Kw2d_6pMY1A1XXsdIvadh-_4GWScCg93sxjmcEadJVP9jFvw4dqqn6GXrQUWH7b5kVZIH1EQjvnHcZ6stUAnPF_RL-PiWchEq3QLJMDliUTNlH1zG-o9cPhwVA1IDSL2A0h2kejmMlMu9asN_HOz_1ScpAziY0IP58FbxO6enqFJn4ZIiZJa7X7O-MBdE06cv6vJt0wz3NPq8PmQxX-lMephaMfUKm_DP9nXBG7jv-Eb1QTYCbM6ifW&xkcb=SoCA-_M3JoRTeIyCQB0NbzkdCdPP&p=3&fvj=0&vjs=3
Senior Full Stack Engineer (Laravel & JavaScript Vanilla),Resourceful Talent Group,Remote,"$100,000 - $160,000 a year",https://www.indeed.com/rc/clk?jk=af5592fca0dfa23e&fccid=8a59b7d48c9ae647&vjs=3
Full Stack PHP Web Developer,Axiom Product Administration,"Hybrid remote in O'Fallon, MO 63368","$80,000 - $100,000 a year",https://www.indeed.com/rc/clk?jk=0a22a2a606483733&fccid=be4838625808fb2a&vjs=3
Full Stack Typescript Developer,Intrepid Control Systems,Remote in Michigan,"$90,000 - $150,000 a year",https://www.indeed.com/rc/clk?jk=4f2fd80572a18253&fccid=8380d2aa3293f028&vjs=3
Full Stack Engineer,Trepp,"New York, NY","From $125,000 a year",https://www.indeed.com/rc/clk?jk=5472e41da7b15277&fccid=99c9189097c823f0&vjs=3
Full Stack Engineer,Mill,"San Bruno, CA","$138,000 - $163,000 a year",https://www.indeed.com/rc/clk?jk=b978220000b328f3&fccid=6a1a904e941b1579&vjs=3
Full Stack Software Developer (Junior)  Space Systems Command,"Modern Technology Solutions, Inc.","Colorado Springs, CO","$75,000 - $90,000 a year",https://www.indeed.com/rc/clk?jk=17a8ca271ccd5eca&fccid=ea0c1f50cbe7289b&vjs=3
"Node Developer/ Plano, TX",Motion Recruitment,"Hybrid remote in Richardson, TX 75080","$140,000 - $160,000 a year",https://www.indeed.com/pagead/clk?mo=r&ad=-6NYlbfkN0DlG8eQ-E_eElbjQUAvh1Po9TMRdgcP7wLVIjfv-ORu9JgO3eKYfgel2s47D-0NuUU4_gtdEqyyZy2b53ES2JJSLeOS9rrcjZOsVx5k1_GsNCfaNvGojetTZiPTpfdfh5QLpfCNlUJB01r93NkAeLOfj1klzK4-UhVsMBPUcP4V2EKGS3n1GXbCpmAmisG-NhKtnY1HQiyXNnUwgDRPCapUkpRZzyozY8EQzI40PKXD0a9fCHxSGwUb6ddvtlsNznDR5UiGk0Ig_03rBn_URg4UEEAyrcJp4zWTxjNmBEGn45i5rsY-o-faUhtF6BMqxK9QPbTq-goanfQjNfGbIqzJSmw6X1qTLJz8PWMicBwuok3hquHVMXmmfw8llwzibRzdNlRwYI6uJ6E0vORFz7EyU-5zkNBHwsAU2pp7Dk1yRCHRb2menbI8yGT3oYzA4gCGAtZX-YxXw0iJlsOcJZjB8i7af_h-jJhsQrLyyrfM-rGADFOYJjDN1IexKMYnWiBNJttno5D6iGlXDlvmQzWfoI2muykC8DuQ2AImyNtM6PnAUft9h2r-pgtb2tQw1Yh3HG0NAbsS-hDjsQ6Gx-2BikjZW0O48_dlOy_1lJwjmb889OPrGY0IYg9IYLP5OFCPr6rtrowzEjBbvLXoPrXBDm4yydTB5sG3v24J9oUUdLUWyyEwCTCBoD3_VCslGQPCyUTPEUDG45y_3vt91z_laWnkFrdWeK2UbmXRTb6undP32o2qvcS5gYUqjf_cqbbJAmAGz-726Vl3h6U4oeJjvbRuDiSg_fJ4QUGSShtqW7SD5w3NSF6jDCSsi5w6xVqaAtlk_8wCCuVljSOmj204ueGBBGze8Y4uMsNyaCXS1iJ4tdGM66AgqkNr448OFyZxdhVR-9q0KvLVy-PNB5Y7JWcqpl9cNY6RCJdrZKQs6Q==&xkcb=SoB0-_M3JoRTeIyCQB0bbzkdCdPP&p=13&fvj=0&vjs=3
Full Stack TypeScript Developer (React/Node/AWS),Michael Page,"Chicago, IL","$140,000 - $170,000 a year",https://www.indeed.com/pagead/clk?mo=r&ad=-6NYlbfkN0BR3ykMnr3Vw97HK5IC0i9Uo32NXohanwqRY-CI8z69brm3BnZpGkMpHGI7ZEEMUba-6oYneRoWZS0l0KCXNvnW91WzMxgz2Ah8yEx3sHVZGF1NK3YXRi-DcfQZdqdaIMmbAkdU2SJOWnMESpIQQEefpM9z5ctiV4Sy5wh6jfYFlUFytzNzuUgCE6GiQpOoM8mDww9SdULcOoDRyaiA9Y3cn1JaVXjGUnidjwUy63LwmmKM6mt0ujno8rlpRcMCPZjdHV2EV5ncDAlDOIVMx6d22-qxc2xacdG1ns2Tqmhq5QfA5diyr9WjU3yTSUgof12ztMamFDD2rL7p8XaknUW2aAkIlsQnizXawgq8BDKsCUmAPOjPfwrndfKoTsklJktV1_zmsyFCmaA9sgF8LojAMS8UHk04VUjKhCgRpZEb-t_MYXxzLb6I_zgcbp1-DuIHBRGiCwhIeXk55DO9Jq46M35lACPkflKzHD0Ufsd3RaXNWWKsy9je6iS8LdgQ0yGMVBrPxUqmniCx8H7foq2e3kkaACAzyGKW3aA-vyGiEN7PjywmGumzXFP0a3xb9H_UYyKqW1kIvN3PT8lbO2xJX0zD23wmNG32vN6FKxtjOr2f8WyROIGpOmoRcu6o9c9FSdgHiHrkzynT8yaxrsov0c6s99mfnTwzAdDxmZbqQmKAZoQj3nVocTe6vaCqysY5XmP4siTwUvHYfUgGwOrZToJoGF79KVx_myAOpowxRQXK6gKV1KFwcO59Out3oftDpiS6las91eUKl7ZfZGYocZ0nScuxcFbYT4j5MmT-RKn4Omj3lkZN2Ogo7XmBMaviLqzY9dJf6k8_d4d2RyYu_pmn8jU2zTAXvOpm9IqXOEcwJ6TZWMwhX4iQj93OD73TXBMX8iTk7y2G3GENULg9Ir6sZkn7G1fhOqRetIqpskGnD_WzZ6WV2sx8FyT5TRCmHjm-WgM33ihMFnAJxRlmcUhhZ1CnoUUySiBIgVQoQzTKFN8S_LQv9ZitwCrMtouoMRvON3YEXUCcHxVLhxKuFhuTiwepE1XbpeNyU4_ezZFQiIhQ9UExk57PeiIVcfRiyw8a_xVjaSSoHrit77mM0RbrxGCE1uDnqWZ8CTimBg-tGpcrsicFtvKPHypLAnxOM-oXhtrqHw==&xkcb=SoBu-_M3JoRSugzs850LbzkdCdPP&p=0&fvj=0&vjs=3
Full Stack Java Engineer,Beacon Hill Staffing Group,"Wilmington, DE","$115,000 - $140,000 a year",https://www.indeed.com/pagead/clk?mo=r&ad=-6NYlbfkN0AEoGMyuqqa4fuJ8ioA0yHILhRJp52EdX7fBgN-aGi6iG_TwnhJPFa0zxjN1Pim6CpANuRog5zF9zVVsmOsy7S0c2CGlCvqmLnGL8QMbDFkBUsVDfFXhOb9D_HUWkTCSgSD4g-I7jumkwdqyK4ROUVhk8po41ZfzPG-RaA0FnSmNS7KiwSEMT3NfjJ9ASIdX_sKFE_AuIx6jqSOQPOyDQN79Ihf_XWUm5siphmYiCtzOIXv8f9O0lYjmtl4s7V4VZbQri4yqX9urxanM9CIkdJBrOyqfm0w37c6lOVvcWJ-4ee6TrXAWEvQ8MCt4XWM2sVvl8-YLwN7Qt1CrkuQBD3IV84Taf9iAXhkPIACI2hqL0UMK77ljPiOhLNGBDLf1r5Z5dS1aLGZV-QBUcKbYEQ8XhJtDLxp-ufLvz_R61ZMNtuphECasVGuuzGWiLEA1Y1K60Syyw7b_YWFOqD7GvvArjU3_N9bcDJ3ZIYEAVlgBkTVUUc-LaqPA_UOQzh7lgvxvR5Aff9wt6jispkdMJm44RkaJK3p_pWSf5wgnYhW0UVNpLKXlLM61uCJP6ol4somuDCyxxwofKSE4eJvLBselMedQOEzlqMWZ_3oewMGhuypMSvirAyXko_LiTQy-Dn7tj5JeBxp4GzL4HAjzcCP&xkcb=SoDa-_M3JoRSugzs850KbzkdCdPP&p=1&fvj=0&vjs=3
Mid-Senior Full Stack Developer - REMOTE/Secret Clearance,System One,"Remote in Washington, DC 20016","$155,000 a year",https://www.indeed.com/pagead/clk?mo=r&ad=-6NYlbfkN0AXtvPDqDev6liskt-h_3vAUEMM26GmMOlWYCAn-kvNiZzopGGRoYPEY5P4mjYBzh9RAMRFq4P6hPNOhK2KNhsqwZfgpNyDORc9yTG20fPXoiBFqxBh0JtTt3RCj_zXLnErDZuAJ2hTYxnmL-pEubw1uM0EGZ2slQZQ0eW_BDZhKrhKGqIO-eKoDgCitoN435NtaMxMSka_E2ltGdN22rF8QKiEU4ID77BUYX5WZF_rf-DVrbqQkHJ8hIN920OA5GNgbexzOcdgto2cZOEz42KL-4L6NcMZeFzTOsW6no601Qob5sm7y1OZEWYQMEVv-f3as7wakD2c3UkEFxQpja4zv_faydTxoHXVqSBoWbv2Fn2W1oNjCvyipRNCDy7l8bap1tPYt_mkN0lpUe5NTE93t-tKH6eASu8IzbO6gVo6Jcb9-1T59dPm7jDNrg9zEMEuV4aWIuKwjJCoaj2kY5cG8YG1G7Mlt98dHmGB2GnF3oMYWHKMsxlYh-z_jTgsfc3ZAh1yqQIykypWZdbeyUvycZ29KKvxptGZtzWvm8rQi_xXvktLZgDjvFoS0VIGMXKRpDf__dHqs3ajPZP8LckzsP4xMR8Og3SiPmeB-lSsivj4I92jfSaNUIMTToIb9uDNOllJ_WLlzj5Fix2XxYMTX4vkK8KhPKcRZ3Ab7Iha_yU0UGS9ut4N5GpTjWy1S2Gj9X36gsG5IjwMPuTl5o0iteBo6wZ5X6XISXqEZ6WqBi1cC_D7zH_w-KIN7CDa6U9Agoi1ApR_KyMU7HEtKLni7iP4JlIa2rQ=&xkcb=SoDz-_M3JoRSugzs850IbzkdCdPP&p=3&fvj=0&vjs=3
SENIOR FULL STACK DEVELOPER (9976/1043),City and County of San Francisco,"San Francisco, CA 94103 
(South of Market area)","$143,026 - $179,946 a year",https://www.indeed.com/rc/clk?jk=1bdf8211f8c4ac86&fccid=a411072d5a46f13f&vjs=3
Full Stack Developer,"Stefanini, Inc","Dearborn, MI",$70 - $75 an hour,https://www.indeed.com/rc/clk?jk=f694b0ef390427b6&fccid=7e646b8cb4a11b13&vjs=3
Application Engineer ( Full Stack ),Discover Financial Services,"Riverwoods, IL 60015","$84,500 - $142,500 a year",https://www.indeed.com/rc/clk?jk=45a317d18d2cb207&fccid=6ce7e0d9f67a9961&vjs=3
Senior Software Engineer (Contractor),"ATR International, Inc.","Hybrid remote in Summit, NJ 07901",$63 - $68 an hour,https://www.indeed.com/pagead/clk?mo=r&ad=-6NYlbfkN0BfNYU94KzJuWtLrCRU4sQ8b6XPKhdAMrb_eI6vBPAcxJrFysygXHv7stKnHmfMxVYZb-TsY4-gX0WKk3NMS8j_9w5Di0V5HNVMxx_C40TNyLuBd0AdggtbFk_ck0F2gvEE2qEp61-YHyRugGQ1oGDSljrMdE1hLMt2xstdRvjTlESW3QWvzWFyZNNFJPT62R0Zt1DZgF0OMW47I2eI2_VVEGCjWHROx2uJKmaf1-5oFfGHjUAZF5nyuaUWTp04A-_0VvHbeWvpBI6aIb2gR3QX9rpwbHt9xiJf0HB9NX5Cw24n6KpSYCcWp5Sf3WEvG6jMP58e9ZR0SO5xG1-_Xo6YMhu-xW9A4G64GvLjsdz5oJCYJKe1AWxL12qCjkcgD4M7nKy8i2W_CPT4BvyMV9XLY-Ub5IqRhgt8H2gmoowWjs4vuAxTzc3odKQHGWVys8n-ir56sbH6XT6wvoVlqhlqndc67hjV1xfowbNuiwoaWF22wsiUdFIlZezrbs8SK2h6zRS-M2pmJ-SGCP0GKHTDtDPGIfg-vISatu54iDfzfxFgdKSh0Fyy3tNV0X-ANwkXs1z30XL8Ze2BokYV0qRz641RuMeNNSXIOi67-bHPeuKGN7GTi8N31CXQ9CDdtC4=&xkcb=SoCH-_M3JoRSugzs850EbzkdCdPP&p=14&fvj=1&vjs=3
React Full Stack Developer (Node.js / MariaDB),"Tentek, Inc.","Hybrid remote in Long Beach, CA 90801","$125,000 - $155,000 a year",https://www.indeed.com/pagead/clk?mo=r&ad=-6NYlbfkN0CjFA1lmdy0wJ1Qe9I-InJ7XKY3GJWrv4Ih_xPgAckHyoKJcbyfET3OPmW7VflaqH9p-o0TBF3y5guPBWk_-637yCfQ4cw9nLMf-okfF33CqVk5tC8OacF_JpxjjdBeen_3k9MW45aVUSs8Ryu0XgDYpo2ibE-U36UILWM21pun6FPmbr4UElGdbaOxk8JjkfYDT67BntRBt_kedm7fTpGIUYScpaHhmNAGLkukmSBUiCaRVlimHPceaSjv1BOOSYbC0eHmnpH2WMbfyNQq1XHpTyMphOlJSlDteaucS93CEFFzbqvxLNkJ6RbRTO_WcCQmuyzUF5yoJcOQuSagWpbxIn0CTotR4ecNEmF8Qo5avSXOJnLI62Y94BB3a942KM5Fd7YjKnuo2XLA18x2RIUa02e6m-xgY2dAdsffC6fPEYvLg3XBUbrY3E0dGDu6RNRptdM48uNw_-sRrego2dYbaJ9eR13Db-zDPuUq8VvkFY1zbcOfT7PXo90YaZ0Y4o8oNdHaDxd_jdX5meMn--Ut9gLyUHVMqF-ZliIcPbGyGVY4FY8Ike9fTFoTrh1s6Qfs_5w-BT3enEKHgyppAWeFiylkZuSOupBZkdWCGt8C0MgTBz2K5Q9M1FTkJRMgTASLX-bv0_Speg==&xkcb=SoDo-_M3JoRR-0xj4J0LbzkdCdPP&p=0&fvj=1&vjs=3
Full Stack Engineer III,Storage360,Remote,"From $110,000 a year",https://www.indeed.com/rc/clk?jk=5f53a19cf796cd0c&fccid=d3228c0302b2ddaa&vjs=3
Senior Full Stack Developer,Finception,"Hybrid remote in Irvine, CA 92618","From $140,000 a year",https://www.indeed.com/company/Finception/jobs/Full-Stack-Developer-4dc2ffdafdb0e954?fccid=829050d3d5a3f157&vjs=3
Senior Full Stack Developer,"Karsun Solutions, LLC",Remote,"$105,500 - $135,000 a year",https://www.indeed.com/rc/clk?jk=42663e6da674e3ae&fccid=01847a3af0ac3a59&vjs=3
Full Stack Software Engineer - Internal Applications,The Trade Desk,"Irvine, CA","$121,500 - $222,800 a year",https://www.indeed.com/rc/clk?jk=1624591b19a3ce72&fccid=4899a85209d20142&vjs=3
"Senior Software Engineer(Full Stack TypeScript), CEA Application Platform (Hybrid) - ThousandEyes",Cisco Systems,"San Francisco, CA","$115,200 - $222,200 a year",https://www.indeed.com/rc/clk?jk=5d25860b9f9ed907&fccid=dfc44f3b8c44a6db&vjs=3
Full-stack Software Engineering Manager,Kaiser Permanente,"Oakland, CA","$155,900 - $201,740 a year",https://www.indeed.com/rc/clk?jk=aef28e55052cb8bf&fccid=48ecd526e3aa3225&vjs=3
Full Stack Developer,Rigil Corporation,"Colorado Springs, CO","$123,721 - $134,447 a year",https://www.indeed.com/company/Rigil-Corporation/jobs/Full-Stack-Developer-f1a97ec0ddba8bfb?fccid=9a3099696e9e959e&vjs=3
full stack developer,Data Tecnica,"Hybrid remote in Washington, DC","$90,000 - $180,000 a year",https://www.indeed.com/rc/clk?jk=9ced434f5f928c56&fccid=0ce02a3e84d031c6&vjs=3
"Node Developer/ Plano, TX",Motion Recruitment,"Hybrid remote in Richardson, TX 75080","$140,000 - $160,000 a year",https://www.indeed.com/pagead/clk?mo=r&ad=-6NYlbfkN0DlG8eQ-E_eElbjQUAvh1Po9TMRdgcP7wLVIjfv-ORu9JgO3eKYfgel2s47D-0NuUU4_gtdEqyyZy2b53ES2JJSLeOS9rrcjZOsVx5k1_GsNCfaNvGojetTZiPTpfdfh5QLpfCNlUJB01r93NkAeLOfj1klzK4-UhU4j_MW0Mv2URupishSXjYwjv5VGD9kPYjFujqgFRAavv3yPQEkvQyFkmjU86zXZ26-HmsBRctgS36suwvXLhgndFQ1rWxECa9xp77U9g4X1BjiRvuhT6thDTTzIasrWYVaWoSTjXVxXFF7nSC72FgPfcvL4Uozz_HqFufOvICAHD_xMbITdHba7rh1AjlOsSYlgqLXaItlTXadLb8Qml58Uc0BiBPLQLnUgL1dG0lPrqOZ3Nf63_FRf0mVcfOLPh8f71tjWFbrFP0wDnjlh3XRzOUvPJ9sETW6NK1ocfSncMIUHwF_GnxRSN3IgnYxV04AGWdHCyBbNZkIislmyNJVy8f00cpjqwFDG70jL1ga8i2_48Yn4A7zaSBRmTUvukcKEiagsKxOp6i7e3o43WOQ_S9CJn_UFm6EsYmOKfxuyq7fOpsqB1VMPxME7agboE3jyANDsx6P_PSpTNqBmBrdbP7u9EcWNXgjZ55VUepCL_-9y4b_P6mHOSmpZROndSJNtfZIIbHJUntW_IokbRXBNURsJ9vuc-xprm2a5BYsYNzK-90ARnhXf5K5Sgp5TsQ8a2y02m3oV8wxCRRdOpBulEiBePC47GUDWu6PSsA_og_4ETWsnHAL0UBWW_31ZS4LDxNvSdUusyeYb-nngJJtYMuhluMCWJgPw0U-mv4f-nQhZB2qB6qHniiolLnmyFUnxt12JRvSUTlEujW7yvUAx_wN7nrlvdQZXhpGZ2zIwD7A090_ByPx1ySrQNTvRfz8gLOkPcA05Q==&xkcb=SoAo-_M3JoRR-0xj4J0GbzkdCdPP&p=13&fvj=0&vjs=3
Full Stack Developer,BasisPath Inc,"McLean, VA 22101","$100,000 - $150,000 a year",https://www.indeed.com/rc/clk?jk=5a2225dd708967ea&fccid=d90ac00e68ead8bd&vjs=3
